product_id,policy,stockout_days,units_short,fill_rate_pct,avg_on_hand_units
P001,NAIVE,0,0.0,100.0,894.82
P001,SMART,0,0.0,100.0,559.68
P002,NAIVE,0,0.0,100.0,742.89
P002,SMART,0,0.0,100.0,382.86
P003,NAIVE,0,0.0,100.0,238.46
P003,SMART,1,43.0,96.68,189.29
P004,NAIVE,0,0.0,100.0,342.46
P004,SMART,1,2.0,99.89,315.0
P005,NAIVE,0,0.0,100.0,373.79
P005,SMART,0,0.0,100.0,301.82
P006,NAIVE,3,60.0,94.02,140.04
P006,SMART,0,0.0,100.0,166.64
P007,NAIVE,0,0.0,100.0,399.18
P007,SMART,1,16.0,99.17,240.54
P008,NAIVE,0,0.0,100.0,1304.21
P008,SMART,0,0.0,100.0,517.39
P009,NAIVE,0,0.0,100.0,696.93
P009,SMART,0,0.0,100.0,462.29
P010,NAIVE,0,0.0,100.0,157.89
P010,SMART,0,0.0,100.0,151.75
P011,NAIVE,0,0.0,100.0,114.5
P011,SMART,0,0.0,100.0,104.0
P012,NAIVE,0,0.0,100.0,578.43
P012,SMART,0,0.0,100.0,356.18
P013,NAIVE,1,2.0,99.74,150.71
P013,SMART,0,0.0,100.0,173.39
P014,NAIVE,0,0.0,100.0,213.82
P014,SMART,0,0.0,100.0,185.75
P015,NAIVE,0,0.0,100.0,618.46
P015,SMART,1,7.0,99.74,367.25
ALL,NAIVE,4,62.0,99.8,464.44
ALL,SMART,4,68.0,99.78,298.26
