product_id,name,category,current_stock,on_order,avg_daily_demand,lead_time_days,safety_stock,reorder_point,order_qty,order_by_date,expected_arrival_date,days_of_stock_left,stockout_date,status,reason,order_value
P001,Milk 1L,Dairy,260,0,120.2,2,28.87,270,965,2026-10-07,2026-10-09,2.1,2026-10-09,ORDER NOW,"Stock position 260 covers 2.1 days but lead time is 2 days. Forecast demand for the next 9 days is 1195. Order 965 now, arriving 2026-10-09. Demand is 18% below the last 28 days.",27020.0
P002,Bread Loaf,Bakery,150,0,91.5,1,18.52,111,678,2026-10-07,2026-10-08,1.6,2026-10-08,ORDER SOON,Stock will reach the reorder point of 111 on 2026-10-07. Place an order of 678 by then.,16950.0
P003,Basmati Rice 5kg,Staples,130,0,43.92,4,37.7,214,416,2026-10-07,2026-10-11,3.1,2026-10-10,ORDER NOW,"Stock position 130 covers 3.1 days but lead time is 4 days. Forecast demand for the next 11 days is 508. Order 416 now, arriving 2026-10-11. Demand is 5% below the last 28 days.",174720.0
P004,Cooking Oil 1L,Staples,400,0,63.2,4,29.94,283,327,2026-10-09,2026-10-13,6.6,2026-10-13,ORDER SOON,Stock will reach the reorder point of 283 on 2026-10-09. Place an order of 327 by then.,45780.0
P005,Sugar 1kg,Staples,200,100,63.72,4,23.42,279,469,2026-10-07,2026-10-11,3.3,2026-10-10,ORDER SOON,Stock will reach the reorder point of 279 on 2026-10-07. Place an order of 469 by then.,19698.0
P006,Tea 250g,Beverages,300,0,41.02,5,26.15,232,208,2026-10-08,2026-10-13,7.8,2026-10-14,ORDER SOON,Stock will reach the reorder point of 232 on 2026-10-08. Place an order of 208 by then.,22880.0
P007,Soft Drink 2L,Beverages,250,0,54.37,3,31.82,195,456,2026-10-08,2026-10-11,4.3,2026-10-11,ORDER SOON,Stock will reach the reorder point of 195 on 2026-10-08. Place an order of 456 by then.,34200.0
P008,Bottled Water 1L,Beverages,1500,0,102.75,2,58.74,265,0,2026-10-17,2026-10-19,12.3,2026-10-19,OK,Stock covers 12.3 days against a 2 day lead time. No action needed.,0.0
P009,Biscuits Pack,Snacks,420,0,107.73,3,32.45,356,716,2026-10-07,2026-10-10,3.8,2026-10-10,ORDER SOON,Stock will reach the reorder point of 356 on 2026-10-07. Place an order of 716 by then.,14320.0
P010,Chocolate Box,Snacks,120,0,34.24,5,24.94,197,361,2026-10-07,2026-10-12,3.6,2026-10-10,ORDER NOW,"Stock position 120 covers 3.6 days but lead time is 5 days. Forecast demand for the next 12 days is 455. Order 361 now, arriving 2026-10-12. Demand is 1% below the last 28 days.",64980.0
P011,Sweets Box (Mithai),Festive,60,0,22.7,4,15.79,107,261,2026-10-07,2026-10-11,2.8,2026-10-09,ORDER NOW,"Stock position 60 covers 2.8 days but lead time is 4 days. Forecast demand for the next 11 days is 305. Order 261 now, arriving 2026-10-11. Demand is 3% above the last 28 days.",67860.0
P012,Eggs Dozen,Dairy,700,0,72.45,2,63.41,209,0,2026-10-12,2026-10-14,8.2,2026-10-15,OK,Stock covers 8.2 days against a 2 day lead time. No action needed.,0.0
P013,Detergent 1kg,Household,150,0,28.93,6,20.39,194,258,2026-10-07,2026-10-13,5.1,2026-10-12,ORDER NOW,"Stock position 150 covers 5.1 days but lead time is 6 days. Forecast demand for the next 13 days is 387. Order 258 now, arriving 2026-10-13. Demand is 4% above the last 28 days.",49020.0
P014,Ice Cream Tub,Frozen,90,0,24.57,3,17.52,92,182,2026-10-07,2026-10-10,3.6,2026-10-10,ORDER NOW,"Stock position 90 covers 3.6 days but lead time is 3 days. Forecast demand for the next 10 days is 254. Order 182 now, arriving 2026-10-10. Demand is 8% below the last 28 days.",27300.0
P015,Instant Noodles,Snacks,260,0,86.1,3,35.64,294,711,2026-10-07,2026-10-10,3.0,2026-10-10,ORDER NOW,"Stock position 260 covers 3.0 days but lead time is 3 days. Forecast demand for the next 10 days is 934. Order 711 now, arriving 2026-10-10. Demand is 10% below the last 28 days.",9954.0
