date,product_id,actual_units,yhat_upper,excess_pct,severity
2026-09-09,P006,39,31.9,22.26,MEDIUM
2026-09-09,P008,141,140.7,0.21,MEDIUM
2026-09-10,P005,66,64.8,1.85,MEDIUM
2026-09-10,P009,112,110.4,1.45,MEDIUM
2026-09-10,P015,91,88.3,3.06,MEDIUM
2026-09-11,P003,49,46.1,6.29,MEDIUM
2026-09-11,P004,59,56.4,4.61,MEDIUM
2026-09-11,P007,82,77.0,6.49,MEDIUM
2026-09-12,P002,190,176.4,7.71,MEDIUM
2026-09-12,P006,49,44.2,10.86,MEDIUM
2026-09-12,P007,127,104.2,21.88,MEDIUM
2026-09-12,P009,153,139.6,9.6,MEDIUM
2026-09-12,P010,55,43.9,25.28,MEDIUM
2026-09-13,P001,172,151.8,13.31,MEDIUM
2026-09-13,P007,129,103.4,24.76,MEDIUM
2026-09-13,P015,117,115.4,1.39,MEDIUM
2026-09-14,P007,88,84.2,4.51,MEDIUM
2026-09-14,P010,48,30.6,56.86,HIGH
2026-09-14,P012,87,86.2,0.93,MEDIUM
2026-09-14,P015,90,86.7,3.81,MEDIUM
2026-09-15,P003,48,38.7,24.03,MEDIUM
2026-09-15,P006,35,32.4,8.02,MEDIUM
2026-09-15,P007,102,84.7,20.43,MEDIUM
2026-09-15,P010,38,33.6,13.1,MEDIUM
2026-09-15,P015,97,86.9,11.62,MEDIUM
2026-09-16,P001,130,129.3,0.54,MEDIUM
2026-09-16,P007,89,85.5,4.09,MEDIUM
2026-09-16,P015,104,89.6,16.07,MEDIUM
2026-09-17,P001,133,127.9,3.99,MEDIUM
2026-09-17,P006,33,32.8,0.61,MEDIUM
2026-09-17,P012,81,80.9,0.12,MEDIUM
2026-09-17,P015,95,91.0,4.4,MEDIUM
2026-09-18,P001,161,149.4,7.76,MEDIUM
2026-09-18,P003,51,44.8,13.84,MEDIUM
2026-09-18,P005,89,80.6,10.42,MEDIUM
2026-09-18,P012,102,99.1,2.93,MEDIUM
2026-09-19,P002,138,128.6,7.31,MEDIUM
2026-09-19,P004,80,76.6,4.44,MEDIUM
2026-09-19,P007,86,74.6,15.28,MEDIUM
2026-09-19,P008,168,163.9,2.5,MEDIUM
2026-09-19,P011,35,28.1,24.56,MEDIUM
2026-09-19,P015,128,113.9,12.38,MEDIUM
2026-09-20,P001,161,151.3,6.41,MEDIUM
2026-09-20,P008,225,163.4,37.7,MEDIUM
2026-09-21,P003,49,43.2,13.43,MEDIUM
2026-09-21,P007,63,57.2,10.14,MEDIUM
2026-09-21,P008,215,128.3,67.58,HIGH
2026-09-22,P003,49,42.8,14.49,MEDIUM
2026-09-23,P002,108,101.0,6.93,MEDIUM
2026-09-24,P004,84,83.7,0.36,MEDIUM
2026-09-24,P006,52,34.6,50.29,HIGH
2026-09-25,P006,44,42.3,4.02,MEDIUM
2026-09-25,P009,138,131.5,4.94,MEDIUM
2026-09-25,P010,41,39.1,4.86,MEDIUM
2026-09-26,P011,34,28.1,21.0,MEDIUM
2026-09-27,P004,116,107.9,7.51,MEDIUM
2026-09-27,P007,86,70.3,22.33,MEDIUM
2026-09-27,P010,45,43.2,4.17,MEDIUM
2026-09-27,P012,236,133.7,76.51,HIGH
2026-09-28,P012,188,107.8,74.4,HIGH
2026-09-28,P013,31,28.1,10.32,MEDIUM
2026-09-29,P001,185,174.8,5.84,MEDIUM
2026-09-29,P002,103,93.0,10.75,MEDIUM
2026-09-29,P003,43,41.6,3.37,MEDIUM
2026-09-29,P006,45,33.0,36.36,MEDIUM
2026-09-29,P011,25,24.7,1.21,MEDIUM
2026-09-30,P004,61,59.2,3.04,MEDIUM
2026-09-30,P012,114,109.7,3.92,MEDIUM
2026-10-01,P003,64,44.6,43.5,MEDIUM
2026-10-01,P004,58,57.5,0.87,MEDIUM
2026-10-01,P007,68,66.1,2.87,MEDIUM
2026-10-01,P009,125,113.8,9.84,MEDIUM
2026-10-01,P010,41,34.7,18.16,MEDIUM
2026-10-01,P012,120,110.1,8.99,MEDIUM
2026-10-02,P003,94,50.6,85.77,HIGH
2026-10-02,P004,74,62.9,17.65,MEDIUM
2026-10-02,P012,104,98.7,5.37,MEDIUM
2026-10-02,P013,36,35.0,2.86,MEDIUM
2026-10-03,P003,64,52.7,21.44,MEDIUM
2026-10-03,P004,83,78.0,6.41,MEDIUM
2026-10-03,P008,161,155.6,3.47,MEDIUM
2026-10-03,P010,43,42.7,0.7,MEDIUM
2026-10-03,P011,30,27.9,7.53,MEDIUM
2026-10-03,P015,124,112.5,10.22,MEDIUM
2026-10-04,P001,162,147.5,9.83,MEDIUM
2026-10-04,P002,124,122.6,1.14,MEDIUM
2026-10-04,P004,75,71.5,4.9,MEDIUM
2026-10-04,P005,79,74.0,6.76,MEDIUM
2026-10-04,P012,112,106.9,4.77,MEDIUM
2026-10-04,P015,130,101.0,28.71,MEDIUM
2026-10-05,P010,33,31.5,4.76,MEDIUM
2026-10-05,P015,97,92.1,5.32,MEDIUM
2026-10-06,P006,34,33.9,0.29,MEDIUM
