date,product_id,yhat,yhat_lower,yhat_upper,actual_units
2026-09-09,P001,119.7,111.2,128.2,111
2026-09-09,P002,94.8,88.1,101.6,96
2026-09-09,P003,38.6,34.1,43.0,42
2026-09-09,P004,55.9,50.4,61.4,46
2026-09-09,P005,57.7,51.7,63.7,61
2026-09-09,P006,27.9,23.9,31.9,39
2026-09-09,P007,53.2,46.3,60.1,60
2026-09-09,P008,130.7,120.7,140.7,141
2026-09-09,P009,101.8,94.6,108.9,105
2026-09-09,P010,31.2,26.8,35.5,35
2026-09-09,P011,20.4,16.7,24.1,17
2026-09-09,P012,82.7,75.9,89.5,88
2026-09-09,P013,26.3,22.4,30.1,30
2026-09-09,P014,34.2,30.2,38.3,34
2026-09-09,P015,84.2,77.9,90.6,82
2026-09-10,P001,115.6,107.1,124.2,121
2026-09-10,P002,124.8,118.0,131.5,109
2026-09-10,P003,40.5,36.0,45.0,40
2026-09-10,P004,55.7,50.3,61.2,51
2026-09-10,P005,58.8,52.7,64.8,66
2026-09-10,P006,29.7,25.6,33.7,28
2026-09-10,P007,56.2,49.4,63.1,57
2026-09-10,P008,131.2,121.2,141.3,134
2026-09-10,P009,103.2,96.1,110.4,112
2026-09-10,P010,30.7,26.3,35.1,30
2026-09-10,P011,19.5,15.9,23.2,22
2026-09-10,P012,73.6,66.8,80.5,79
2026-09-10,P013,25.7,21.9,29.5,25
2026-09-10,P014,33.7,29.6,37.7,29
2026-09-10,P015,82.0,75.6,88.3,91
2026-09-11,P001,138.3,129.8,146.8,130
2026-09-11,P002,166.0,159.3,172.8,152
2026-09-11,P003,41.6,37.1,46.1,49
2026-09-11,P004,51.0,45.5,56.4,59
2026-09-11,P005,74.7,68.6,80.7,65
2026-09-11,P006,33.8,29.8,37.9,37
2026-09-11,P007,70.1,63.2,77.0,82
2026-09-11,P008,148.4,138.4,158.5,137
2026-09-11,P009,126.6,119.4,133.7,131
2026-09-11,P010,33.7,29.3,38.1,28
2026-09-11,P011,24.4,20.8,28.1,21
2026-09-11,P012,91.5,84.7,98.3,92
2026-09-11,P013,30.8,27.0,34.6,26
2026-09-11,P014,34.3,30.3,38.4,35
2026-09-11,P015,102.6,96.2,108.9,95
2026-09-12,P001,176.6,168.1,185.1,175
2026-09-12,P002,169.6,162.9,176.4,190
2026-09-12,P003,51.8,47.3,56.3,53
2026-09-12,P004,80.6,75.2,86.1,61
2026-09-12,P005,84.8,78.8,90.8,75
2026-09-12,P006,40.2,36.1,44.2,49
2026-09-12,P007,97.3,90.4,104.2,127
2026-09-12,P008,158.9,148.9,169.0,169
2026-09-12,P009,132.5,125.4,139.6,153
2026-09-12,P010,39.5,35.1,43.9,55
2026-09-12,P011,25.0,21.3,28.7,26
2026-09-12,P012,112.0,105.2,118.9,98
2026-09-12,P013,36.6,32.8,40.4,29
2026-09-12,P014,36.2,32.1,40.2,33
2026-09-12,P015,108.1,101.7,114.4,102
2026-09-13,P001,143.3,134.8,151.8,172
2026-09-13,P002,170.0,163.2,176.7,159
2026-09-13,P003,48.0,43.6,52.5,46
2026-09-13,P004,67.1,61.7,72.6,70
2026-09-13,P005,68.5,62.5,74.5,65
2026-09-13,P006,37.9,33.8,41.9,24
2026-09-13,P007,96.5,89.7,103.4,129
2026-09-13,P008,153.8,143.7,163.8,148
2026-09-13,P009,138.9,131.8,146.0,111
2026-09-13,P010,39.8,35.4,44.2,35
2026-09-13,P011,26.4,22.7,30.1,27
2026-09-13,P012,98.0,91.2,104.9,83
2026-09-13,P013,39.8,35.9,43.6,32
2026-09-13,P014,34.8,30.7,38.8,25
2026-09-13,P015,109.0,102.7,115.4,117
2026-09-14,P001,123.4,114.8,131.9,131
2026-09-14,P002,121.5,114.7,128.2,124
2026-09-14,P003,34.3,29.8,38.8,34
2026-09-14,P004,54.4,48.9,59.8,55
2026-09-14,P005,59.8,53.8,65.8,62
2026-09-14,P006,29.4,25.4,33.5,30
2026-09-14,P007,77.3,70.4,84.2,88
2026-09-14,P008,123.8,113.8,133.8,113
2026-09-14,P009,99.1,91.9,106.2,90
2026-09-14,P010,26.2,21.8,30.6,48
2026-09-14,P011,19.1,15.5,22.8,21
2026-09-14,P012,79.3,72.5,86.2,87
2026-09-14,P013,24.1,20.3,27.9,27
2026-09-14,P014,37.7,33.7,41.8,36
2026-09-14,P015,80.3,74.0,86.7,90
2026-09-15,P001,128.6,120.0,137.1,112
2026-09-15,P002,90.2,83.5,97.0,93
2026-09-15,P003,34.3,29.8,38.7,48
2026-09-15,P004,56.1,50.6,61.6,57
2026-09-15,P005,58.6,52.6,64.6,48
2026-09-15,P006,28.3,24.3,32.4,35
2026-09-15,P007,77.8,70.9,84.7,102
2026-09-15,P008,125.2,115.2,135.3,96
2026-09-15,P009,99.5,92.3,106.6,103
2026-09-15,P010,29.2,24.8,33.6,38
2026-09-15,P011,17.8,14.1,21.5,17
2026-09-15,P012,77.9,71.0,84.7,78
2026-09-15,P013,24.2,20.3,28.0,24
2026-09-15,P014,36.8,32.7,40.8,17
2026-09-15,P015,80.5,74.2,86.9,97
2026-09-16,P001,120.8,112.3,129.3,130
2026-09-16,P002,95.3,88.5,102.0,91
2026-09-16,P003,40.6,36.1,45.1,27
2026-09-16,P004,57.0,51.5,62.4,60
2026-09-16,P005,57.7,51.6,63.7,62
2026-09-16,P006,27.6,23.5,31.6,29
2026-09-16,P007,78.7,71.8,85.5,89
2026-09-16,P008,123.2,113.2,133.2,111
2026-09-16,P009,101.8,94.6,108.9,102
2026-09-16,P010,30.0,25.6,34.4,31
2026-09-16,P011,16.4,12.7,20.1,19
2026-09-16,P012,81.9,75.0,88.7,73
2026-09-16,P013,26.5,22.7,30.3,29
2026-09-16,P014,33.8,29.8,37.9,23
2026-09-16,P015,83.2,76.8,89.6,104
2026-09-17,P001,119.4,110.8,127.9,133
2026-09-17,P002,92.5,85.7,99.2,88
2026-09-17,P003,41.6,37.1,46.1,36
2026-09-17,P004,55.4,50.0,60.9,56
2026-09-17,P005,58.3,52.2,64.3,54
2026-09-17,P006,28.8,24.7,32.8,33
2026-09-17,P007,53.9,47.0,60.8,57
2026-09-17,P008,124.2,114.1,134.2,120
2026-09-17,P009,102.5,95.4,109.7,99
2026-09-17,P010,30.2,25.8,34.6,29
2026-09-17,P011,18.6,14.9,22.2,19
2026-09-17,P012,74.1,67.2,80.9,81
2026-09-17,P013,25.3,21.5,29.1,26
2026-09-17,P014,33.2,29.2,37.3,31
2026-09-17,P015,84.6,78.3,91.0,95
2026-09-18,P001,140.9,132.4,149.4,161
2026-09-18,P002,111.9,105.1,118.6,112
2026-09-18,P003,40.3,35.8,44.8,51
2026-09-18,P004,57.2,51.7,62.7,59
2026-09-18,P005,74.6,68.6,80.6,89
2026-09-18,P006,35.2,31.1,39.2,35
2026-09-18,P007,65.6,58.7,72.5,60
2026-09-18,P008,139.4,129.4,149.4,128
2026-09-18,P009,124.9,117.8,132.1,105
2026-09-18,P010,34.7,30.3,39.1,39
2026-09-18,P011,25.5,21.8,29.2,25
2026-09-18,P012,92.3,85.5,99.1,102
2026-09-18,P013,31.2,27.3,35.0,31
2026-09-18,P014,34.1,30.1,38.2,22
2026-09-18,P015,102.9,96.6,109.3,104
2026-09-19,P001,172.5,164.0,181.1,175
2026-09-19,P002,121.9,115.1,128.6,138
2026-09-19,P003,50.1,45.6,54.6,51
2026-09-19,P004,71.1,65.7,76.6,80
2026-09-19,P005,85.2,79.2,91.2,74
2026-09-19,P006,41.1,37.0,45.1,40
2026-09-19,P007,67.7,60.8,74.6,86
2026-09-19,P008,153.9,143.8,163.9,168
2026-09-19,P009,134.6,127.5,141.8,119
2026-09-19,P010,39.8,35.4,44.2,40
2026-09-19,P011,24.4,20.8,28.1,35
2026-09-19,P012,112.9,106.0,119.7,98
2026-09-19,P013,37.5,33.6,41.3,27
2026-09-19,P014,38.1,34.0,42.1,25
2026-09-19,P015,107.5,101.1,113.9,128
2026-09-20,P001,142.8,134.2,151.3,161
2026-09-20,P002,113.2,106.5,120.0,119
2026-09-20,P003,46.6,42.1,51.1,47
2026-09-20,P004,68.0,62.5,73.5,53
2026-09-20,P005,67.9,61.8,73.9,72
2026-09-20,P006,40.7,36.6,44.7,39
2026-09-20,P007,69.3,62.5,76.2,75
2026-09-20,P008,153.4,143.3,163.4,225
2026-09-20,P009,139.6,132.5,146.7,129
2026-09-20,P010,40.8,36.4,45.2,34
2026-09-20,P011,26.0,22.3,29.7,25
2026-09-20,P012,97.5,90.7,104.3,98
2026-09-20,P013,39.7,35.9,43.5,27
2026-09-20,P014,36.5,32.5,40.6,30
2026-09-20,P015,107.1,100.8,113.5,106
2026-09-21,P001,124.2,115.6,132.7,104
2026-09-21,P002,92.7,85.9,99.4,78
2026-09-21,P003,38.8,34.3,43.2,49
2026-09-21,P004,53.7,48.2,59.1,52
2026-09-21,P005,59.6,53.6,65.6,55
2026-09-21,P006,28.6,24.6,32.7,26
2026-09-21,P007,50.3,43.4,57.2,63
2026-09-21,P008,118.3,108.2,128.3,215
2026-09-21,P009,98.2,91.1,105.4,84
2026-09-21,P010,26.4,22.0,30.8,26
2026-09-21,P011,19.2,15.5,22.9,15
2026-09-21,P012,81.5,74.6,88.3,84
2026-09-21,P013,21.9,18.1,25.7,24
2026-09-21,P014,37.3,33.2,41.3,24
2026-09-21,P015,81.7,75.3,88.0,79
2026-09-22,P001,129.0,120.5,137.5,119
2026-09-22,P002,89.3,82.5,96.0,74
2026-09-22,P003,38.3,33.9,42.8,49
2026-09-22,P004,54.3,48.8,59.8,53
2026-09-22,P005,58.3,52.3,64.3,58
2026-09-22,P006,27.9,23.8,31.9,29
2026-09-22,P007,51.9,45.0,58.8,46
2026-09-22,P008,122.2,112.2,132.2,99
2026-09-22,P009,98.9,91.8,106.1,85
2026-09-22,P010,29.6,25.2,34.0,30
2026-09-22,P011,17.5,13.8,21.2,19
2026-09-22,P012,80.0,73.2,86.8,84
2026-09-22,P013,22.4,18.6,26.2,24
2026-09-22,P014,36.2,32.2,40.3,26
2026-09-22,P015,82.2,75.9,88.6,86
2026-09-23,P001,121.5,113.0,130.0,125
2026-09-23,P002,94.3,87.5,101.0,108
2026-09-23,P003,41.4,36.9,45.9,44
2026-09-23,P004,77.1,71.6,82.6,81
2026-09-23,P005,57.7,51.7,63.8,61
2026-09-23,P006,28.2,24.2,32.3,32
2026-09-23,P007,54.5,47.7,61.4,41
2026-09-23,P008,123.9,113.9,133.9,124
2026-09-23,P009,101.1,93.9,108.2,97
2026-09-23,P010,30.7,26.3,35.1,34
2026-09-23,P011,16.5,12.8,20.2,12
2026-09-23,P012,83.1,76.2,89.9,58
2026-09-23,P013,25.8,22.0,29.7,26
2026-09-23,P014,33.8,29.8,37.8,21
2026-09-23,P015,84.0,77.6,90.3,77
2026-09-24,P001,119.0,110.5,127.5,117
2026-09-24,P002,90.6,83.9,97.4,96
2026-09-24,P003,41.2,36.7,45.7,41
2026-09-24,P004,78.3,72.8,83.7,84
2026-09-24,P005,58.2,52.2,64.2,51
2026-09-24,P006,30.6,26.5,34.6,52
2026-09-24,P007,55.0,48.1,61.8,51
2026-09-24,P008,124.2,114.2,134.3,122
2026-09-24,P009,104.5,97.4,111.6,111
2026-09-24,P010,30.3,25.9,34.7,32
2026-09-24,P011,19.0,15.3,22.7,22
2026-09-24,P012,78.2,71.4,85.1,73
2026-09-24,P013,25.1,21.2,28.9,23
2026-09-24,P014,32.8,28.8,36.9,11
2026-09-24,P015,83.0,76.6,89.4,77
2026-09-25,P001,209.3,200.8,217.8,212
2026-09-25,P002,113.3,106.5,120.0,91
2026-09-25,P003,39.8,35.4,44.3,35
2026-09-25,P004,97.5,92.0,103.0,75
2026-09-25,P005,74.7,68.7,80.8,67
2026-09-25,P006,38.3,34.2,42.3,44
2026-09-25,P007,61.5,54.7,68.4,65
2026-09-25,P008,135.9,125.9,146.0,140
2026-09-25,P009,124.4,117.3,131.5,138
2026-09-25,P010,34.7,30.3,39.1,41
2026-09-25,P011,26.2,22.5,29.9,28
2026-09-25,P012,91.9,85.1,98.7,92
2026-09-25,P013,31.0,27.2,34.9,31
2026-09-25,P014,33.4,29.3,37.4,24
2026-09-25,P015,107.6,101.2,114.0,89
2026-09-26,P001,214.3,205.7,222.8,217
2026-09-26,P002,121.2,114.5,128.0,119
2026-09-26,P003,49.9,45.4,54.4,51
2026-09-26,P004,103.1,97.6,108.6,94
2026-09-26,P005,86.3,80.3,92.3,84
2026-09-26,P006,41.8,37.7,45.8,39
2026-09-26,P007,63.4,56.5,70.2,68
2026-09-26,P008,142.8,132.8,152.8,148
2026-09-26,P009,132.3,125.1,139.4,131
2026-09-26,P010,38.6,34.2,43.0,37
2026-09-26,P011,24.4,20.7,28.1,34
2026-09-26,P012,113.7,106.8,120.5,96
2026-09-26,P013,39.4,35.5,43.2,32
2026-09-26,P014,34.2,30.2,38.2,31
2026-09-26,P015,107.9,101.6,114.3,107
2026-09-27,P001,211.8,203.3,220.3,208
2026-09-27,P002,114.7,107.9,121.4,107
2026-09-27,P003,51.9,47.4,56.4,50
2026-09-27,P004,102.4,97.0,107.9,116
2026-09-27,P005,68.6,62.6,74.6,58
2026-09-27,P006,40.5,36.4,44.5,32
2026-09-27,P007,63.5,56.6,70.3,86
2026-09-27,P008,142.5,132.5,152.5,137
2026-09-27,P009,136.6,129.5,143.7,135
2026-09-27,P010,38.8,34.4,43.2,45
2026-09-27,P011,26.1,22.4,29.8,27
2026-09-27,P012,126.9,120.1,133.7,236
2026-09-27,P013,40.4,36.6,44.2,30
2026-09-27,P014,33.2,29.2,37.3,25
2026-09-27,P015,103.7,97.4,110.1,102
2026-09-28,P001,165.8,157.3,174.4,147
2026-09-28,P002,88.7,82.0,95.5,66
2026-09-28,P003,38.7,34.2,43.2,31
2026-09-28,P004,52.7,47.2,58.2,57
2026-09-28,P005,59.2,53.1,65.2,56
2026-09-28,P006,28.9,24.8,32.9,28
2026-09-28,P007,50.6,43.7,57.4,51
2026-09-28,P008,108.0,98.0,118.1,96
2026-09-28,P009,100.5,93.3,107.6,95
2026-09-28,P010,26.5,22.1,30.9,19
2026-09-28,P011,21.7,18.0,25.4,17
2026-09-28,P012,100.9,94.1,107.8,188
2026-09-28,P013,24.2,20.4,28.1,31
2026-09-28,P014,37.0,33.0,41.1,26
2026-09-28,P015,82.8,76.4,89.2,85
2026-09-29,P001,166.3,157.8,174.8,185
2026-09-29,P002,86.2,79.4,93.0,103
2026-09-29,P003,37.1,32.6,41.6,43
2026-09-29,P004,54.4,48.9,59.8,52
2026-09-29,P005,58.1,52.1,64.2,64
2026-09-29,P006,28.9,24.9,33.0,45
2026-09-29,P007,51.7,44.8,58.6,48
2026-09-29,P008,110.7,100.7,120.7,107
2026-09-29,P009,101.6,94.5,108.7,98
2026-09-29,P010,29.7,25.3,34.1,28
2026-09-29,P011,21.0,17.3,24.7,25
2026-09-29,P012,103.6,96.8,110.5,107
2026-09-29,P013,24.6,20.7,28.4,24
2026-09-29,P014,36.2,32.2,40.3,37
2026-09-29,P015,82.1,75.7,88.4,86
2026-09-30,P001,126.8,118.3,135.4,133
2026-09-30,P002,91.0,84.3,97.8,97
2026-09-30,P003,39.0,34.5,43.5,38
2026-09-30,P004,53.7,48.2,59.2,61
2026-09-30,P005,57.6,51.6,63.6,60
2026-09-30,P006,31.8,27.7,35.8,30
2026-09-30,P007,52.9,46.0,59.8,49
2026-09-30,P008,116.7,106.7,126.8,111
2026-09-30,P009,104.0,96.9,111.1,91
2026-09-30,P010,30.6,26.2,35.0,26
2026-09-30,P011,20.9,17.2,24.5,16
2026-09-30,P012,102.8,96.0,109.7,114
2026-09-30,P013,26.5,22.6,30.3,30
2026-09-30,P014,34.2,30.2,38.3,17
2026-09-30,P015,82.3,76.0,88.7,61
2026-10-01,P001,125.5,117.0,134.0,120
2026-10-01,P002,90.2,83.4,96.9,90
2026-10-01,P003,40.1,35.6,44.6,64
2026-10-01,P004,52.0,46.6,57.5,58
2026-10-01,P005,58.3,52.3,64.3,59
2026-10-01,P006,33.1,29.0,37.1,37
2026-10-01,P007,59.2,52.3,66.1,68
2026-10-01,P008,114.1,104.1,124.2,107
2026-10-01,P009,106.6,99.5,113.8,125
2026-10-01,P010,30.3,25.9,34.7,41
2026-10-01,P011,22.4,18.7,26.1,21
2026-10-01,P012,103.2,96.4,110.1,120
2026-10-01,P013,25.1,21.3,28.9,22
2026-10-01,P014,33.8,29.8,37.9,21
2026-10-01,P015,84.3,78.0,90.7,87
2026-10-02,P001,140.2,131.7,148.8,141
2026-10-02,P002,111.9,105.2,118.7,116
2026-10-02,P003,46.1,41.6,50.6,94
2026-10-02,P004,57.4,52.0,62.9,74
2026-10-02,P005,75.4,69.4,81.4,69
2026-10-02,P006,42.9,38.9,46.9,37
2026-10-02,P007,63.6,56.7,70.5,65
2026-10-02,P008,140.7,130.7,150.7,132
2026-10-02,P009,121.1,114.0,128.2,107
2026-10-02,P010,34.6,30.2,39.0,39
2026-10-02,P011,25.8,22.2,29.5,14
2026-10-02,P012,91.9,85.1,98.7,104
2026-10-02,P013,31.2,27.4,35.0,36
2026-10-02,P014,34.6,30.5,38.6,24
2026-10-02,P015,109.2,102.8,115.5,90
2026-10-03,P001,172.1,163.6,180.6,173
2026-10-03,P002,119.0,112.3,125.8,124
2026-10-03,P003,48.2,43.8,52.7,64
2026-10-03,P004,72.6,67.1,78.0,83
2026-10-03,P005,86.8,80.8,92.9,74
2026-10-03,P006,46.7,42.7,50.8,38
2026-10-03,P007,64.8,57.9,71.7,61
2026-10-03,P008,145.6,135.5,155.6,161
2026-10-03,P009,134.1,127.0,141.2,120
2026-10-03,P010,38.4,34.0,42.7,43
2026-10-03,P011,24.2,20.5,27.9,30
2026-10-03,P012,113.5,106.7,120.4,111
2026-10-03,P013,40.1,36.2,43.9,38
2026-10-03,P014,33.9,29.9,38.0,33
2026-10-03,P015,106.1,99.7,112.5,124
2026-10-04,P001,139.0,130.5,147.5,162
2026-10-04,P002,115.8,109.1,122.6,124
2026-10-04,P003,49.5,45.0,54.0,44
2026-10-04,P004,66.0,60.6,71.5,75
2026-10-04,P005,68.0,62.0,74.0,79
2026-10-04,P006,48.1,44.0,52.1,48
2026-10-04,P007,64.7,57.8,71.5,68
2026-10-04,P008,145.5,135.5,155.6,150
2026-10-04,P009,131.9,124.7,139.0,116
2026-10-04,P010,38.6,34.2,42.9,33
2026-10-04,P011,25.7,22.0,29.4,16
2026-10-04,P012,100.1,93.2,106.9,112
2026-10-04,P013,40.0,36.2,43.9,38
2026-10-04,P014,32.0,28.0,36.1,32
2026-10-04,P015,94.6,88.3,101.0,130
2026-10-05,P001,125.0,116.5,133.5,120
2026-10-05,P002,88.0,81.3,94.8,94
2026-10-05,P003,38.7,34.2,43.2,34
2026-10-05,P004,53.1,47.7,58.6,52
2026-10-05,P005,59.3,53.3,65.3,55
2026-10-05,P006,30.0,25.9,34.0,34
2026-10-05,P007,45.5,38.7,52.4,39
2026-10-05,P008,113.6,103.5,123.6,108
2026-10-05,P009,100.2,93.1,107.4,103
2026-10-05,P010,27.1,22.7,31.5,33
2026-10-05,P011,22.2,18.5,25.9,22
2026-10-05,P012,80.0,73.2,86.8,85
2026-10-05,P013,25.2,21.4,29.1,15
2026-10-05,P014,37.6,33.5,41.6,26
2026-10-05,P015,85.8,79.4,92.1,97
2026-10-06,P001,129.3,120.8,137.8,116
2026-10-06,P002,84.5,77.7,91.2,89
2026-10-06,P003,37.2,32.7,41.7,40
2026-10-06,P004,54.6,49.2,60.1,50
2026-10-06,P005,58.3,52.3,64.3,47
2026-10-06,P006,29.9,25.8,33.9,34
2026-10-06,P007,45.3,38.4,52.2,45
2026-10-06,P008,113.4,103.4,123.4,93
2026-10-06,P009,101.4,94.2,108.5,92
2026-10-06,P010,30.2,25.8,34.6,23
2026-10-06,P011,21.4,17.7,25.0,25
2026-10-06,P012,78.2,71.3,85.0,80
2026-10-06,P013,25.6,21.8,29.4,25
2026-10-06,P014,36.3,32.3,40.4,33
2026-10-06,P015,85.1,78.8,91.5,82
