date,product_id,yhat,yhat_lower,yhat_upper,uncertainty_spread,holiday_event,is_promo,daily_signal
2026-10-07,P001,120.3,111.8,128.8,17.0,None,0,Normal weekday
2026-10-07,P002,91.5,84.6,98.3,13.7,None,0,Normal weekday
2026-10-07,P003,40.0,35.4,44.6,9.2,None,0,Normal weekday
2026-10-07,P004,54.7,49.2,60.1,10.9,None,0,Normal weekday
2026-10-07,P005,50.9,44.9,56.8,11.9,None,0,Normal weekday
2026-10-07,P006,34.4,30.3,38.5,8.2,None,0,Normal weekday
2026-10-07,P007,44.6,37.8,51.5,13.7,None,0,Normal weekday
2026-10-07,P008,100.2,89.8,110.7,20.9,None,0,Normal weekday
2026-10-07,P009,95.1,87.9,102.3,14.4,None,0,Normal weekday
2026-10-07,P010,25.8,21.4,30.3,8.9,None,0,Normal weekday
2026-10-07,P011,21.1,17.4,24.8,7.4,None,0,Normal weekday
2026-10-07,P012,73.3,65.5,81.0,15.5,None,0,Normal weekday
2026-10-07,P013,26.1,22.2,29.9,7.7,None,0,Normal weekday
2026-10-07,P014,25.2,21.2,29.3,8.1,None,0,Normal weekday
2026-10-07,P015,80.7,74.2,87.2,13.0,None,0,Normal weekday
2026-10-08,P001,120.1,111.6,128.6,17.0,None,0,Normal weekday
2026-10-08,P002,92.8,86.0,99.7,13.7,None,0,Normal weekday
2026-10-08,P003,39.4,34.8,44.0,9.2,None,0,Normal weekday
2026-10-08,P004,53.5,48.0,58.9,10.9,None,0,Normal weekday
2026-10-08,P005,50.5,44.5,56.5,12.0,None,0,Normal weekday
2026-10-08,P006,37.2,33.1,41.2,8.1,None,0,Normal weekday
2026-10-08,P007,53.3,46.5,60.1,13.6,None,0,Normal weekday
2026-10-08,P008,105.3,94.9,115.8,20.9,None,0,Normal weekday
2026-10-08,P009,111.4,104.2,118.6,14.4,None,0,Normal weekday
2026-10-08,P010,31.0,26.5,35.4,8.9,None,0,Normal weekday
2026-10-08,P011,21.5,17.8,25.2,7.4,None,0,Normal weekday
2026-10-08,P012,71.6,63.9,79.3,15.4,None,0,Normal weekday
2026-10-08,P013,24.6,20.7,28.4,7.7,None,0,Normal weekday
2026-10-08,P014,23.5,19.4,27.5,8.1,None,0,Normal weekday
2026-10-08,P015,80.4,73.9,86.8,12.9,None,0,Normal weekday
2026-10-09,P001,149.1,140.6,157.6,17.0,None,0,Weekend peak
2026-10-09,P002,114.1,107.2,120.9,13.7,None,0,Weekend peak
2026-10-09,P003,47.5,42.9,52.1,9.2,None,0,Weekend peak
2026-10-09,P004,67.6,62.1,73.0,10.9,None,0,Weekend peak
2026-10-09,P005,71.3,65.3,77.3,12.0,None,0,Weekend peak
2026-10-09,P006,43.1,39.0,47.2,8.2,None,0,Weekend peak
2026-10-09,P007,65.2,58.4,72.0,13.6,None,0,Weekend peak
2026-10-09,P008,141.7,131.2,152.1,20.9,None,0,Weekend peak
2026-10-09,P009,116.7,109.4,123.9,14.5,None,0,Weekend peak
2026-10-09,P010,38.6,34.2,43.0,8.8,None,0,Weekend peak
2026-10-09,P011,22.0,18.3,25.6,7.3,None,0,Weekend peak
2026-10-09,P012,99.2,91.4,106.9,15.5,None,0,Weekend peak
2026-10-09,P013,30.1,26.3,33.9,7.6,None,0,Weekend peak
2026-10-09,P014,25.0,21.0,29.1,8.1,None,0,Weekend peak
2026-10-09,P015,97.2,90.7,103.6,12.9,None,0,Weekend peak
2026-10-10,P001,170.5,162.0,179.0,17.0,None,0,Weekend peak
2026-10-10,P002,123.9,117.0,130.7,13.7,None,0,Weekend peak
2026-10-10,P003,48.8,44.2,53.4,9.2,None,0,Weekend peak
2026-10-10,P004,77.0,71.6,82.5,10.9,None,0,Weekend peak
2026-10-10,P005,82.2,76.2,88.1,11.9,None,0,Weekend peak
2026-10-10,P006,44.3,40.2,48.4,8.2,None,0,Weekend peak
2026-10-10,P007,67.2,60.4,74.0,13.6,None,0,Weekend peak
2026-10-10,P008,151.2,140.8,161.7,20.9,None,0,Weekend peak
2026-10-10,P009,126.6,119.4,133.8,14.4,None,0,Weekend peak
2026-10-10,P010,39.8,35.3,44.2,8.9,None,0,Weekend peak
2026-10-10,P011,26.2,22.5,29.9,7.4,None,0,Weekend peak
2026-10-10,P012,109.3,101.6,117.0,15.4,None,0,Weekend peak
2026-10-10,P013,33.8,30.0,37.7,7.7,None,0,Weekend peak
2026-10-10,P014,29.4,25.4,33.4,8.0,None,0,Weekend peak
2026-10-10,P015,118.3,111.8,124.8,13.0,None,0,Weekend peak
2026-10-11,P001,160.7,152.2,169.2,17.0,None,0,Weekend peak
2026-10-11,P002,119.0,112.2,125.9,13.7,None,0,Weekend peak
2026-10-11,P003,48.8,44.2,53.4,9.2,None,0,Weekend peak
2026-10-11,P004,66.3,60.8,71.7,10.9,None,0,Weekend peak
2026-10-11,P005,71.1,65.1,77.1,12.0,None,0,Weekend peak
2026-10-11,P006,46.1,42.0,50.2,8.2,None,0,Weekend peak
2026-10-11,P007,71.4,64.6,78.2,13.6,None,0,Weekend peak
2026-10-11,P008,149.9,139.4,160.3,20.9,None,0,Weekend peak
2026-10-11,P009,125.3,118.1,132.6,14.5,None,0,Weekend peak
2026-10-11,P010,36.0,31.6,40.4,8.8,None,0,Weekend peak
2026-10-11,P011,21.2,17.5,24.9,7.4,None,0,Weekend peak
2026-10-11,P012,103.0,95.3,110.7,15.4,None,0,Weekend peak
2026-10-11,P013,32.8,28.9,36.6,7.7,None,0,Weekend peak
2026-10-11,P014,28.6,24.6,32.7,8.1,None,0,Weekend peak
2026-10-11,P015,115.3,108.8,121.7,12.9,None,0,Weekend peak
2026-10-12,P001,113.1,104.6,121.5,16.9,None,0,Normal weekday
2026-10-12,P002,87.0,80.2,93.9,13.7,None,0,Normal weekday
2026-10-12,P003,39.8,35.2,44.4,9.2,None,0,Normal weekday
2026-10-12,P004,51.3,45.9,56.8,10.9,None,0,Normal weekday
2026-10-12,P005,51.5,45.5,57.5,12.0,None,0,Normal weekday
2026-10-12,P006,34.0,29.9,38.0,8.1,None,0,Normal weekday
2026-10-12,P007,44.3,37.5,51.1,13.6,None,0,Normal weekday
2026-10-12,P008,102.2,91.8,112.7,20.9,None,0,Normal weekday
2026-10-12,P009,94.3,87.1,101.5,14.4,None,0,Normal weekday
2026-10-12,P010,26.1,21.6,30.5,8.9,None,0,Normal weekday
2026-10-12,P011,20.0,16.3,23.6,7.3,None,0,Normal weekday
2026-10-12,P012,79.2,71.4,86.9,15.5,None,0,Normal weekday
2026-10-12,P013,26.2,22.4,30.0,7.6,None,0,Normal weekday
2026-10-12,P014,25.0,21.0,29.0,8.0,None,0,Normal weekday
2026-10-12,P015,85.2,78.7,91.7,13.0,None,0,Normal weekday
2026-10-13,P001,115.0,106.5,123.5,17.0,None,0,Normal weekday
2026-10-13,P002,87.1,80.3,94.0,13.7,None,0,Normal weekday
2026-10-13,P003,40.6,36.0,45.2,9.2,None,0,Normal weekday
2026-10-13,P004,51.2,45.8,56.7,10.9,None,0,Normal weekday
2026-10-13,P005,50.1,44.1,56.1,12.0,None,0,Normal weekday
2026-10-13,P006,34.1,30.0,38.2,8.2,None,0,Normal weekday
2026-10-13,P007,44.5,37.7,51.3,13.6,None,0,Normal weekday
2026-10-13,P008,97.1,86.7,107.6,20.9,None,0,Normal weekday
2026-10-13,P009,93.8,86.5,101.0,14.5,None,0,Normal weekday
2026-10-13,P010,26.1,21.7,30.5,8.8,None,0,Normal weekday
2026-10-13,P011,20.6,17.0,24.3,7.3,None,0,Normal weekday
2026-10-13,P012,77.7,70.0,85.5,15.5,None,0,Normal weekday
2026-10-13,P013,25.8,21.9,29.6,7.7,None,0,Normal weekday
2026-10-13,P014,24.9,20.9,28.9,8.0,None,0,Normal weekday
2026-10-13,P015,83.2,76.8,89.7,12.9,None,0,Normal weekday
2026-10-14,P001,123.7,115.3,132.2,16.9,None,0,Normal weekday
2026-10-14,P002,93.7,86.9,100.6,13.7,None,0,Normal weekday
2026-10-14,P003,39.8,35.2,44.4,9.2,None,0,Normal weekday
2026-10-14,P004,54.8,49.4,60.3,10.9,None,0,Normal weekday
2026-10-14,P005,51.5,45.5,57.5,12.0,None,0,Normal weekday
2026-10-14,P006,33.6,29.5,37.6,8.1,None,0,Normal weekday
2026-10-14,P007,93.2,86.3,100.0,13.7,None,1,Active Promo
2026-10-14,P008,100.8,90.3,111.2,20.9,None,0,Normal weekday
2026-10-14,P009,96.2,89.0,103.4,14.4,None,0,Normal weekday
2026-10-14,P010,27.4,23.0,31.9,8.9,None,0,Normal weekday
2026-10-14,P011,19.5,15.8,23.1,7.3,None,0,Normal weekday
2026-10-14,P012,73.6,65.9,81.4,15.5,None,0,Normal weekday
2026-10-14,P013,26.5,22.7,30.3,7.6,None,0,Normal weekday
2026-10-14,P014,23.8,19.8,27.9,8.1,None,0,Normal weekday
2026-10-14,P015,83.4,76.9,89.9,13.0,None,0,Normal weekday
2026-10-15,P001,122.8,114.3,131.3,17.0,Dussehra,0,Dussehra window
2026-10-15,P002,93.3,86.5,100.2,13.7,Dussehra,0,Dussehra window
2026-10-15,P003,47.5,42.9,52.2,9.3,Dussehra,0,Dussehra window
2026-10-15,P004,65.3,59.9,70.8,10.9,Dussehra,0,Dussehra window
2026-10-15,P005,78.1,72.1,84.1,12.0,Dussehra,0,Dussehra window
2026-10-15,P006,35.7,31.7,39.8,8.1,Dussehra,0,Dussehra window
2026-10-15,P007,94.8,88.0,101.6,13.6,Dussehra,1,"Dussehra window, Active Promo"
2026-10-15,P008,105.9,95.4,116.3,20.9,Dussehra,0,Dussehra window
2026-10-15,P009,119.1,111.8,126.3,14.5,Dussehra,0,Dussehra window
2026-10-15,P010,38.2,33.8,42.6,8.8,Dussehra,0,Dussehra window
2026-10-15,P011,39.0,35.4,42.7,7.3,Dussehra,0,Dussehra window
2026-10-15,P012,76.3,68.5,84.0,15.5,Dussehra,0,Dussehra window
2026-10-15,P013,31.4,27.6,35.3,7.7,Dussehra,0,Dussehra window
2026-10-15,P014,24.6,20.6,28.7,8.1,Dussehra,0,Dussehra window
2026-10-15,P015,84.8,78.4,91.3,12.9,Dussehra,0,Dussehra window
2026-10-16,P001,148.2,139.7,156.6,16.9,Dussehra,0,"Dussehra window, Weekend peak"
2026-10-16,P002,114.5,107.7,121.4,13.7,Dussehra,0,"Dussehra window, Weekend peak"
2026-10-16,P003,54.4,49.8,59.0,9.2,Dussehra,0,"Dussehra window, Weekend peak"
2026-10-16,P004,76.6,71.2,82.1,10.9,Dussehra,0,"Dussehra window, Weekend peak"
2026-10-16,P005,88.4,82.4,94.4,12.0,Dussehra,0,"Dussehra window, Weekend peak"
2026-10-16,P006,44.1,40.1,48.2,8.1,Dussehra,0,"Dussehra window, Weekend peak"
2026-10-16,P007,95.2,88.4,102.1,13.7,Dussehra,1,"Dussehra window, Active Promo, Weekend peak"
2026-10-16,P008,135.7,125.2,146.1,20.9,Dussehra,0,"Dussehra window, Weekend peak"
2026-10-16,P009,124.7,117.5,131.9,14.4,Dussehra,0,"Dussehra window, Weekend peak"
2026-10-16,P010,56.7,52.3,61.1,8.8,Dussehra,0,"Dussehra window, Weekend peak"
2026-10-16,P011,45.9,42.3,49.6,7.3,Dussehra,0,"Dussehra window, Weekend peak"
2026-10-16,P012,97.6,89.8,105.3,15.5,Dussehra,0,"Dussehra window, Weekend peak"
2026-10-16,P013,29.9,26.1,33.7,7.6,Dussehra,0,"Dussehra window, Weekend peak"
2026-10-16,P014,24.4,20.4,28.4,8.0,Dussehra,0,"Dussehra window, Weekend peak"
2026-10-16,P015,105.9,99.5,112.4,12.9,Dussehra,0,"Dussehra window, Weekend peak"
2026-10-17,P001,171.7,163.2,180.2,17.0,Dussehra,0,"Dussehra window, Weekend peak"
2026-10-17,P002,134.7,127.9,141.6,13.7,Dussehra,0,"Dussehra window, Weekend peak"
2026-10-17,P003,61.2,56.6,65.8,9.2,Dussehra,0,"Dussehra window, Weekend peak"
2026-10-17,P004,77.9,72.4,83.3,10.9,Dussehra,0,"Dussehra window, Weekend peak"
2026-10-17,P005,99.2,93.2,105.2,12.0,Dussehra,0,"Dussehra window, Weekend peak"
2026-10-17,P006,46.4,42.3,50.4,8.1,Dussehra,0,"Dussehra window, Weekend peak"
2026-10-17,P007,104.2,97.4,111.1,13.7,Dussehra,1,"Dussehra window, Active Promo, Weekend peak"
2026-10-17,P008,139.9,129.5,150.4,20.9,Dussehra,0,"Dussehra window, Weekend peak"
2026-10-17,P009,139.0,131.8,146.2,14.4,Dussehra,0,"Dussehra window, Weekend peak"
2026-10-17,P010,56.0,51.6,60.4,8.8,Dussehra,0,"Dussehra window, Weekend peak"
2026-10-17,P011,47.8,44.1,51.5,7.4,Dussehra,0,"Dussehra window, Weekend peak"
2026-10-17,P012,115.2,107.5,123.0,15.5,Dussehra,0,"Dussehra window, Weekend peak"
2026-10-17,P013,34.2,30.4,38.0,7.6,Dussehra,0,"Dussehra window, Weekend peak"
2026-10-17,P014,30.0,26.0,34.0,8.0,Dussehra,0,"Dussehra window, Weekend peak"
2026-10-17,P015,118.7,112.2,125.2,13.0,Dussehra,0,"Dussehra window, Weekend peak"
2026-10-18,P001,161.2,152.7,169.7,17.0,Dussehra,0,"Dussehra window, Weekend peak"
2026-10-18,P002,121.5,114.6,128.3,13.7,Dussehra,0,"Dussehra window, Weekend peak"
2026-10-18,P003,62.0,57.3,66.6,9.3,Dussehra,0,"Dussehra window, Weekend peak"
2026-10-18,P004,73.0,67.6,78.5,10.9,Dussehra,0,"Dussehra window, Weekend peak"
2026-10-18,P005,101.3,95.3,107.3,12.0,Dussehra,0,"Dussehra window, Weekend peak"
2026-10-18,P006,48.0,43.9,52.1,8.2,Dussehra,0,"Dussehra window, Weekend peak"
2026-10-18,P007,103.9,97.1,110.7,13.6,Dussehra,1,"Dussehra window, Active Promo, Weekend peak"
2026-10-18,P008,138.0,127.6,148.5,20.9,Dussehra,0,"Dussehra window, Weekend peak"
2026-10-18,P009,148.6,141.3,155.8,14.5,Dussehra,0,"Dussehra window, Weekend peak"
2026-10-18,P010,53.7,49.3,58.1,8.8,Dussehra,0,"Dussehra window, Weekend peak"
2026-10-18,P011,51.7,48.0,55.4,7.4,Dussehra,0,"Dussehra window, Weekend peak"
2026-10-18,P012,100.8,93.1,108.6,15.5,Dussehra,0,"Dussehra window, Weekend peak"
2026-10-18,P013,33.8,30.0,37.6,7.6,Dussehra,0,"Dussehra window, Weekend peak"
2026-10-18,P014,29.7,25.7,33.8,8.1,Dussehra,0,"Dussehra window, Weekend peak"
2026-10-18,P015,118.3,111.9,124.8,12.9,Dussehra,0,"Dussehra window, Weekend peak"
2026-10-19,P001,118.8,110.3,127.3,17.0,Dussehra,0,Dussehra window
2026-10-19,P002,91.4,84.5,98.2,13.7,Dussehra,0,Dussehra window
2026-10-19,P003,49.8,45.2,54.4,9.2,Dussehra,0,Dussehra window
2026-10-19,P004,59.3,53.8,64.7,10.9,Dussehra,0,Dussehra window
2026-10-19,P005,69.6,63.7,75.6,11.9,Dussehra,0,Dussehra window
2026-10-19,P006,34.6,30.5,38.7,8.2,Dussehra,0,Dussehra window
2026-10-19,P007,50.8,44.0,57.7,13.7,Dussehra,0,Dussehra window
2026-10-19,P008,102.3,91.9,112.8,20.9,Dussehra,0,Dussehra window
2026-10-19,P009,113.4,106.2,120.6,14.4,Dussehra,0,Dussehra window
2026-10-19,P010,35.5,31.1,39.9,8.8,Dussehra,0,Dussehra window
2026-10-19,P011,43.1,39.4,46.8,7.4,Dussehra,0,Dussehra window
2026-10-19,P012,83.9,76.2,91.7,15.5,Dussehra,0,Dussehra window
2026-10-19,P013,31.8,28.0,35.7,7.7,Dussehra,0,Dussehra window
2026-10-19,P014,25.3,21.3,29.4,8.1,Dussehra,0,Dussehra window
2026-10-19,P015,94.6,88.1,101.1,13.0,Dussehra,0,Dussehra window
2026-10-20,P001,118.7,110.2,127.2,17.0,Dussehra,0,Dussehra window
2026-10-20,P002,91.0,84.2,97.9,13.7,Dussehra,0,Dussehra window
2026-10-20,P003,48.9,44.3,53.5,9.2,Dussehra,0,Dussehra window
2026-10-20,P004,59.4,54.0,64.9,10.9,Dussehra,0,Dussehra window
2026-10-20,P005,73.2,67.2,79.2,12.0,Dussehra,0,Dussehra window
2026-10-20,P006,35.1,31.0,39.2,8.2,Dussehra,0,Dussehra window
2026-10-20,P007,51.2,44.4,58.0,13.6,Dussehra,0,Dussehra window
2026-10-20,P008,101.2,90.8,111.7,20.9,Dussehra,0,Dussehra window
2026-10-20,P009,110.4,103.1,117.6,14.5,Dussehra,0,Dussehra window
2026-10-20,P010,36.5,32.0,40.9,8.9,Dussehra,0,Dussehra window
2026-10-20,P011,42.8,39.2,46.5,7.3,Dussehra,0,Dussehra window
2026-10-20,P012,79.1,71.3,86.8,15.5,Dussehra,0,Dussehra window
2026-10-20,P013,31.5,27.7,35.3,7.6,Dussehra,0,Dussehra window
2026-10-20,P014,25.3,21.3,29.4,8.1,Dussehra,0,Dussehra window
2026-10-20,P015,91.9,85.5,98.4,12.9,Dussehra,0,Dussehra window
2026-10-21,P001,121.8,113.4,130.3,16.9,Dussehra,0,Dussehra window
2026-10-21,P002,95.5,88.6,102.3,13.7,Dussehra,0,Dussehra window
2026-10-21,P003,47.3,42.6,51.9,9.3,Dussehra,0,Dussehra window
2026-10-21,P004,63.4,57.9,68.8,10.9,Dussehra,0,Dussehra window
2026-10-21,P005,76.8,70.8,82.8,12.0,Dussehra,0,Dussehra window
2026-10-21,P006,35.4,31.3,39.5,8.2,Dussehra,0,Dussehra window
2026-10-21,P007,50.8,43.9,57.6,13.7,Dussehra,0,Dussehra window
2026-10-21,P008,102.3,91.9,112.8,20.9,Dussehra,0,Dussehra window
2026-10-21,P009,114.9,107.7,122.2,14.5,Dussehra,0,Dussehra window
2026-10-21,P010,36.1,31.6,40.5,8.9,Dussehra,0,Dussehra window
2026-10-21,P011,39.9,36.3,43.6,7.3,Dussehra,0,Dussehra window
2026-10-21,P012,77.7,69.9,85.4,15.5,Dussehra,0,Dussehra window
2026-10-21,P013,31.9,28.1,35.8,7.7,Dussehra,0,Dussehra window
2026-10-21,P014,24.2,20.2,28.3,8.1,Dussehra,0,Dussehra window
2026-10-21,P015,90.0,83.6,96.5,12.9,Dussehra,0,Dussehra window
2026-10-22,P001,117.9,109.4,126.4,17.0,None,0,Normal weekday
2026-10-22,P002,92.2,85.4,99.1,13.7,None,0,Normal weekday
2026-10-22,P003,41.6,37.0,46.3,9.3,None,0,Normal weekday
2026-10-22,P004,54.4,49.0,59.9,10.9,None,0,Normal weekday
2026-10-22,P005,52.2,46.3,58.2,11.9,None,0,Normal weekday
2026-10-22,P006,37.5,33.4,41.5,8.1,None,0,Normal weekday
2026-10-22,P007,51.3,44.5,58.1,13.6,None,0,Normal weekday
2026-10-22,P008,102.7,92.2,113.1,20.9,None,0,Normal weekday
2026-10-22,P009,108.5,101.3,115.7,14.4,None,0,Normal weekday
2026-10-22,P010,30.8,26.4,35.2,8.8,None,0,Normal weekday
2026-10-22,P011,22.0,18.3,25.6,7.3,None,0,Normal weekday
2026-10-22,P012,79.6,71.8,87.3,15.5,None,0,Normal weekday
2026-10-22,P013,25.5,21.7,29.3,7.6,None,0,Normal weekday
2026-10-22,P014,24.4,20.4,28.4,8.0,None,0,Normal weekday
2026-10-22,P015,85.8,79.4,92.3,12.9,None,0,Normal weekday
2026-10-23,P001,144.2,135.7,152.7,17.0,None,0,Weekend peak
2026-10-23,P002,111.7,104.9,118.6,13.7,None,0,Weekend peak
2026-10-23,P003,50.1,45.5,54.7,9.2,None,0,Weekend peak
2026-10-23,P004,61.0,55.6,66.5,10.9,None,0,Weekend peak
2026-10-23,P005,72.3,66.3,78.3,12.0,None,0,Weekend peak
2026-10-23,P006,44.5,40.5,48.6,8.1,None,0,Weekend peak
2026-10-23,P007,65.1,58.3,71.9,13.6,None,0,Weekend peak
2026-10-23,P008,134.4,123.9,144.8,20.9,None,0,Weekend peak
2026-10-23,P009,118.0,110.7,125.2,14.5,None,0,Weekend peak
2026-10-23,P010,37.7,33.3,42.1,8.8,None,0,Weekend peak
2026-10-23,P011,20.2,16.5,23.9,7.4,None,0,Weekend peak
2026-10-23,P012,96.2,88.5,103.9,15.4,None,0,Weekend peak
2026-10-23,P013,29.2,25.4,33.1,7.7,None,0,Weekend peak
2026-10-23,P014,25.5,21.5,29.6,8.1,None,0,Weekend peak
2026-10-23,P015,102.2,95.8,108.7,12.9,None,0,Weekend peak
2026-10-24,P001,174.1,165.6,182.6,17.0,None,0,Weekend peak
2026-10-24,P002,125.2,118.4,132.1,13.7,None,0,Weekend peak
2026-10-24,P003,48.8,44.2,53.4,9.2,None,0,Weekend peak
2026-10-24,P004,78.2,72.8,83.7,10.9,None,0,Weekend peak
2026-10-24,P005,82.1,76.1,88.1,12.0,None,0,Weekend peak
2026-10-24,P006,47.4,43.4,51.5,8.1,None,0,Weekend peak
2026-10-24,P007,66.6,59.8,73.4,13.6,None,0,Weekend peak
2026-10-24,P008,138.9,128.5,149.4,20.9,None,0,Weekend peak
2026-10-24,P009,131.3,124.1,138.5,14.4,None,0,Weekend peak
2026-10-24,P010,39.6,35.1,44.0,8.9,None,0,Weekend peak
2026-10-24,P011,26.5,22.9,30.2,7.3,None,0,Weekend peak
2026-10-24,P012,106.7,98.9,114.4,15.5,None,0,Weekend peak
2026-10-24,P013,32.8,28.9,36.6,7.7,None,0,Weekend peak
2026-10-24,P014,29.4,25.3,33.4,8.1,None,0,Weekend peak
2026-10-24,P015,118.6,112.2,125.1,12.9,None,0,Weekend peak
2026-10-25,P001,160.2,151.7,168.7,17.0,None,0,Weekend peak
2026-10-25,P002,120.4,113.6,127.3,13.7,None,0,Weekend peak
2026-10-25,P003,48.3,43.7,52.9,9.2,None,0,Weekend peak
2026-10-25,P004,66.2,60.7,71.7,11.0,None,0,Weekend peak
2026-10-25,P005,72.1,66.1,78.1,12.0,None,0,Weekend peak
2026-10-25,P006,50.6,46.6,54.7,8.1,None,0,Weekend peak
2026-10-25,P007,68.4,61.6,75.2,13.6,None,0,Weekend peak
2026-10-25,P008,134.8,124.3,145.2,20.9,None,0,Weekend peak
2026-10-25,P009,130.0,122.7,137.2,14.5,None,0,Weekend peak
2026-10-25,P010,37.5,33.1,41.9,8.8,None,0,Weekend peak
2026-10-25,P011,21.6,17.9,25.3,7.4,None,0,Weekend peak
2026-10-25,P012,101.7,94.0,109.5,15.5,None,0,Weekend peak
2026-10-25,P013,31.9,28.0,35.7,7.7,None,0,Weekend peak
2026-10-25,P014,28.4,24.4,32.4,8.0,None,0,Weekend peak
2026-10-25,P015,115.3,108.9,121.8,12.9,None,0,Weekend peak
2026-10-26,P001,115.0,106.5,123.5,17.0,None,0,Normal weekday
2026-10-26,P002,91.0,84.2,97.8,13.6,None,0,Normal weekday
2026-10-26,P003,40.5,35.9,45.1,9.2,None,0,Normal weekday
2026-10-26,P004,52.3,46.9,57.8,10.9,None,0,Normal weekday
2026-10-26,P005,52.4,46.4,58.4,12.0,None,0,Normal weekday
2026-10-26,P006,34.0,29.9,38.1,8.2,None,0,Normal weekday
2026-10-26,P007,45.4,38.6,52.2,13.6,None,0,Normal weekday
2026-10-26,P008,106.6,96.2,117.1,20.9,None,0,Normal weekday
2026-10-26,P009,96.4,89.2,103.6,14.4,None,0,Normal weekday
2026-10-26,P010,28.1,23.7,32.5,8.8,None,0,Normal weekday
2026-10-26,P011,20.2,16.6,23.9,7.3,None,0,Normal weekday
2026-10-26,P012,86.1,78.3,93.8,15.5,None,0,Normal weekday
2026-10-26,P013,26.7,22.9,30.5,7.6,None,0,Normal weekday
2026-10-26,P014,26.8,22.7,30.8,8.1,None,0,Normal weekday
2026-10-26,P015,87.8,81.3,94.2,12.9,None,0,Normal weekday
2026-10-27,P001,116.4,107.9,124.9,17.0,None,0,Normal weekday
2026-10-27,P002,88.7,81.8,95.5,13.7,None,0,Normal weekday
2026-10-27,P003,40.6,36.0,45.2,9.2,None,0,Normal weekday
2026-10-27,P004,52.2,46.7,57.6,10.9,None,0,Normal weekday
2026-10-27,P005,50.2,44.2,56.2,12.0,None,0,Normal weekday
2026-10-27,P006,34.1,30.1,38.2,8.1,None,0,Normal weekday
2026-10-27,P007,45.7,38.9,52.5,13.6,None,0,Normal weekday
2026-10-27,P008,103.3,92.8,113.7,20.9,None,0,Normal weekday
2026-10-27,P009,95.7,88.5,102.9,14.4,None,0,Normal weekday
2026-10-27,P010,27.7,23.3,32.1,8.8,None,0,Normal weekday
2026-10-27,P011,22.0,18.4,25.7,7.3,None,0,Normal weekday
2026-10-27,P012,81.1,73.4,88.8,15.4,None,0,Normal weekday
2026-10-27,P013,26.2,22.4,30.0,7.6,None,0,Normal weekday
2026-10-27,P014,26.5,22.4,30.5,8.1,None,0,Normal weekday
2026-10-27,P015,86.5,80.0,93.0,13.0,None,0,Normal weekday
2026-10-28,P001,120.5,112.1,129.0,16.9,None,0,Normal weekday
2026-10-28,P002,92.9,86.0,99.7,13.7,None,0,Normal weekday
2026-10-28,P003,40.9,36.3,45.5,9.2,None,0,Normal weekday
2026-10-28,P004,54.7,49.2,60.1,10.9,None,0,Normal weekday
2026-10-28,P005,51.5,45.5,57.5,12.0,None,0,Normal weekday
2026-10-28,P006,33.7,29.6,37.8,8.2,None,0,Normal weekday
2026-10-28,P007,45.2,38.4,52.1,13.7,None,0,Normal weekday
2026-10-28,P008,100.0,89.5,110.4,20.9,None,0,Normal weekday
2026-10-28,P009,98.4,91.2,105.7,14.5,None,0,Normal weekday
2026-10-28,P010,28.4,24.0,32.8,8.8,None,0,Normal weekday
2026-10-28,P011,20.6,17.0,24.3,7.3,None,0,Normal weekday
2026-10-28,P012,79.6,71.9,87.4,15.5,None,0,Normal weekday
2026-10-28,P013,27.1,23.2,30.9,7.7,None,0,Normal weekday
2026-10-28,P014,24.8,20.7,28.8,8.1,None,0,Normal weekday
2026-10-28,P015,92.8,86.3,99.2,12.9,None,0,Normal weekday
2026-10-29,P001,120.1,111.6,128.6,17.0,None,0,Normal weekday
2026-10-29,P002,89.1,82.3,96.0,13.7,None,0,Normal weekday
2026-10-29,P003,42.9,38.3,47.5,9.2,None,0,Normal weekday
2026-10-29,P004,54.3,48.9,59.8,10.9,None,0,Normal weekday
2026-10-29,P005,52.8,46.8,58.8,12.0,None,0,Normal weekday
2026-10-29,P006,36.9,32.8,41.0,8.2,None,0,Normal weekday
2026-10-29,P007,49.4,42.6,56.3,13.7,None,0,Normal weekday
2026-10-29,P008,100.3,89.8,110.7,20.9,None,0,Normal weekday
2026-10-29,P009,109.2,101.9,116.4,14.5,None,0,Normal weekday
2026-10-29,P010,30.9,26.5,35.3,8.8,None,0,Normal weekday
2026-10-29,P011,20.6,17.0,24.3,7.3,None,0,Normal weekday
2026-10-29,P012,80.2,72.4,87.9,15.5,None,0,Normal weekday
2026-10-29,P013,26.2,22.4,30.1,7.7,None,0,Normal weekday
2026-10-29,P014,24.4,20.4,28.4,8.0,None,0,Normal weekday
2026-10-29,P015,93.8,87.4,100.3,12.9,None,0,Normal weekday
2026-10-30,P001,146.6,138.1,155.1,17.0,None,0,Weekend peak
2026-10-30,P002,115.5,108.7,122.3,13.6,None,0,Weekend peak
2026-10-30,P003,50.4,45.8,55.1,9.3,None,0,Weekend peak
2026-10-30,P004,61.6,56.2,67.1,10.9,None,0,Weekend peak
2026-10-30,P005,72.6,66.7,78.6,11.9,None,0,Weekend peak
2026-10-30,P006,48.1,44.0,52.2,8.2,None,0,Weekend peak
2026-10-30,P007,64.3,57.4,71.1,13.7,None,0,Weekend peak
2026-10-30,P008,134.2,123.8,144.7,20.9,None,0,Weekend peak
2026-10-30,P009,118.7,111.5,125.9,14.4,None,0,Weekend peak
2026-10-30,P010,37.7,33.2,42.1,8.9,None,0,Weekend peak
2026-10-30,P011,20.9,17.3,24.6,7.3,None,0,Weekend peak
2026-10-30,P012,96.4,88.7,104.2,15.5,None,0,Weekend peak
2026-10-30,P013,30.1,26.2,33.9,7.7,None,0,Weekend peak
2026-10-30,P014,25.0,20.9,29.0,8.1,None,0,Weekend peak
2026-10-30,P015,101.3,94.9,107.8,12.9,None,0,Weekend peak
2026-10-31,P001,177.9,169.4,186.4,17.0,None,0,Weekend peak
2026-10-31,P002,124.1,117.2,130.9,13.7,None,0,Weekend peak
2026-10-31,P003,49.2,44.5,53.8,9.3,None,0,Weekend peak
2026-10-31,P004,77.0,71.5,82.4,10.9,None,0,Weekend peak
2026-10-31,P005,81.7,75.7,87.7,12.0,None,0,Weekend peak
2026-10-31,P006,49.6,45.6,53.7,8.1,None,0,Weekend peak
2026-10-31,P007,65.5,58.7,72.4,13.7,None,0,Weekend peak
2026-10-31,P008,139.3,128.9,149.8,20.9,None,0,Weekend peak
2026-10-31,P009,131.0,123.8,138.3,14.5,None,0,Weekend peak
2026-10-31,P010,39.6,35.2,44.0,8.8,None,0,Weekend peak
2026-10-31,P011,25.7,22.1,29.4,7.3,None,0,Weekend peak
2026-10-31,P012,111.8,104.0,119.5,15.5,None,0,Weekend peak
2026-10-31,P013,35.1,31.3,39.0,7.7,None,0,Weekend peak
2026-10-31,P014,29.2,25.1,33.2,8.1,None,0,Weekend peak
2026-10-31,P015,118.7,112.2,125.1,12.9,None,0,Weekend peak
2026-11-01,P001,162.2,153.8,170.7,16.9,None,0,Weekend peak
2026-11-01,P002,120.6,113.8,127.5,13.7,None,0,Weekend peak
2026-11-01,P003,49.1,44.5,53.7,9.2,None,0,Weekend peak
2026-11-01,P004,65.5,60.1,71.0,10.9,None,0,Weekend peak
2026-11-01,P005,77.1,71.1,83.1,12.0,None,0,Weekend peak
2026-11-01,P006,50.3,46.3,54.4,8.1,None,0,Weekend peak
2026-11-01,P007,65.4,58.6,72.2,13.6,None,0,Weekend peak
2026-11-01,P008,135.6,125.1,146.0,20.9,None,0,Weekend peak
2026-11-01,P009,200.1,192.9,207.4,14.5,None,1,"Active Promo, Weekend peak"
2026-11-01,P010,38.1,33.6,42.5,8.9,None,0,Weekend peak
2026-11-01,P011,21.2,17.6,24.9,7.3,None,0,Weekend peak
2026-11-01,P012,99.9,92.2,107.7,15.5,None,0,Weekend peak
2026-11-01,P013,34.9,31.1,38.7,7.6,None,0,Weekend peak
2026-11-01,P014,28.5,24.5,32.5,8.0,None,0,Weekend peak
2026-11-01,P015,113.6,107.1,120.0,12.9,None,0,Weekend peak
2026-11-02,P001,115.6,107.1,124.0,16.9,None,0,Normal weekday
2026-11-02,P002,90.9,84.1,97.8,13.7,None,0,Normal weekday
2026-11-02,P003,40.7,36.1,45.3,9.2,None,0,Normal weekday
2026-11-02,P004,49.9,44.5,55.4,10.9,None,0,Normal weekday
2026-11-02,P005,53.0,47.0,59.0,12.0,None,0,Normal weekday
2026-11-02,P006,34.3,30.3,38.4,8.1,None,0,Normal weekday
2026-11-02,P007,44.8,37.9,51.6,13.7,None,0,Normal weekday
2026-11-02,P008,101.3,90.8,111.8,21.0,None,0,Normal weekday
2026-11-02,P009,149.4,142.2,156.7,14.5,None,1,Active Promo
2026-11-02,P010,28.0,23.6,32.4,8.8,None,0,Normal weekday
2026-11-02,P011,21.8,18.2,25.5,7.3,None,0,Normal weekday
2026-11-02,P012,84.6,76.8,92.3,15.5,None,0,Normal weekday
2026-11-02,P013,27.0,23.1,30.8,7.7,None,0,Normal weekday
2026-11-02,P014,26.4,22.4,30.5,8.1,None,0,Normal weekday
2026-11-02,P015,88.8,82.3,95.3,13.0,None,0,Normal weekday
2026-11-03,P001,117.9,109.4,126.4,17.0,Diwali,0,Diwali window
2026-11-03,P002,89.2,82.4,96.1,13.7,Diwali,0,Diwali window
2026-11-03,P003,47.6,43.0,52.3,9.3,Diwali,0,Diwali window
2026-11-03,P004,59.4,53.9,64.8,10.9,Diwali,0,Diwali window
2026-11-03,P005,74.2,68.3,80.2,11.9,Diwali,0,Diwali window
2026-11-03,P006,35.4,31.3,39.5,8.2,Diwali,0,Diwali window
2026-11-03,P007,51.2,44.4,58.0,13.6,Diwali,0,Diwali window
2026-11-03,P008,99.7,89.2,110.2,21.0,Diwali,0,Diwali window
2026-11-03,P009,149.4,142.2,156.7,14.5,Diwali,1,"Diwali window, Active Promo"
2026-11-03,P010,39.5,35.0,43.9,8.9,Diwali,0,Diwali window
2026-11-03,P011,41.4,37.7,45.0,7.3,Diwali,0,Diwali window
2026-11-03,P012,80.5,72.7,88.2,15.5,Diwali,0,Diwali window
2026-11-03,P013,31.8,27.9,35.6,7.7,Diwali,0,Diwali window
2026-11-03,P014,25.5,21.4,29.5,8.1,Diwali,0,Diwali window
2026-11-03,P015,88.6,82.1,95.1,13.0,Diwali,0,Diwali window
2026-11-04,P001,126.7,118.2,135.1,16.9,Diwali,0,Diwali window
2026-11-04,P002,94.0,87.1,100.8,13.7,Diwali,0,Diwali window
2026-11-04,P003,48.8,44.1,53.4,9.3,Diwali,0,Diwali window
2026-11-04,P004,64.8,59.4,70.3,10.9,Diwali,0,Diwali window
2026-11-04,P005,81.9,75.9,87.9,12.0,Diwali,0,Diwali window
2026-11-04,P006,35.3,31.3,39.4,8.1,Diwali,0,Diwali window
2026-11-04,P007,50.4,43.6,57.2,13.6,Diwali,0,Diwali window
2026-11-04,P008,100.3,89.8,110.7,20.9,Diwali,0,Diwali window
2026-11-04,P009,148.8,141.6,156.0,14.4,Diwali,1,"Diwali window, Active Promo"
2026-11-04,P010,39.9,35.5,44.4,8.9,Diwali,0,Diwali window
2026-11-04,P011,42.5,38.8,46.1,7.3,Diwali,0,Diwali window
2026-11-04,P012,80.3,72.6,88.1,15.5,Diwali,0,Diwali window
2026-11-04,P013,32.4,28.6,36.2,7.6,Diwali,0,Diwali window
2026-11-04,P014,23.6,19.6,27.7,8.1,Diwali,0,Diwali window
2026-11-04,P015,92.1,85.7,98.6,12.9,Diwali,0,Diwali window
2026-11-05,P001,127.2,118.8,135.7,16.9,Diwali,0,Diwali window
2026-11-05,P002,91.6,84.8,98.5,13.7,Diwali,0,Diwali window
2026-11-05,P003,49.5,44.9,54.1,9.2,Diwali,0,Diwali window
2026-11-05,P004,64.2,58.8,69.7,10.9,Diwali,0,Diwali window
2026-11-05,P005,81.8,75.8,87.8,12.0,Diwali,0,Diwali window
2026-11-05,P006,36.6,32.5,40.6,8.1,Diwali,0,Diwali window
2026-11-05,P007,54.9,48.1,61.8,13.7,Diwali,0,Diwali window
2026-11-05,P008,100.0,89.5,110.4,20.9,Diwali,0,Diwali window
2026-11-05,P009,149.1,141.8,156.3,14.5,Diwali,1,"Diwali window, Active Promo"
2026-11-05,P010,44.6,40.2,49.0,8.8,Diwali,0,Diwali window
2026-11-05,P011,44.1,40.4,47.8,7.4,Diwali,0,Diwali window
2026-11-05,P012,80.6,72.8,88.3,15.5,Diwali,0,Diwali window
2026-11-05,P013,32.5,28.7,36.4,7.7,Diwali,0,Diwali window
2026-11-05,P014,23.8,19.8,27.8,8.0,Diwali,0,Diwali window
2026-11-05,P015,91.6,85.1,98.0,12.9,Diwali,0,Diwali window
2026-11-06,P001,154.3,145.9,162.8,16.9,Diwali,0,"Diwali window, Weekend peak"
2026-11-06,P002,118.8,112.0,125.7,13.7,Diwali,0,"Diwali window, Weekend peak"
2026-11-06,P003,52.1,47.5,56.7,9.2,Diwali,0,"Diwali window, Weekend peak"
2026-11-06,P004,77.8,72.4,83.3,10.9,Diwali,0,"Diwali window, Weekend peak"
2026-11-06,P005,91.9,85.9,97.8,11.9,Diwali,0,"Diwali window, Weekend peak"
2026-11-06,P006,47.2,43.1,51.2,8.1,Diwali,0,"Diwali window, Weekend peak"
2026-11-06,P007,70.2,63.4,77.0,13.6,Diwali,0,"Diwali window, Weekend peak"
2026-11-06,P008,134.3,123.9,144.8,20.9,Diwali,0,"Diwali window, Weekend peak"
2026-11-06,P009,132.0,124.8,139.2,14.4,Diwali,0,"Diwali window, Weekend peak"
2026-11-06,P010,52.4,47.9,56.8,8.9,Diwali,0,"Diwali window, Weekend peak"
2026-11-06,P011,44.3,40.6,47.9,7.3,Diwali,0,"Diwali window, Weekend peak"
2026-11-06,P012,98.4,90.7,106.2,15.5,Diwali,0,"Diwali window, Weekend peak"
2026-11-06,P013,30.3,26.5,34.1,7.6,Diwali,0,"Diwali window, Weekend peak"
2026-11-06,P014,25.0,21.0,29.1,8.1,Diwali,0,"Diwali window, Weekend peak"
2026-11-06,P015,104.1,97.6,110.5,12.9,Diwali,0,"Diwali window, Weekend peak"
2026-11-07,P001,178.8,170.3,187.3,17.0,Diwali,0,"Diwali window, Weekend peak"
2026-11-07,P002,133.0,126.1,139.8,13.7,Diwali,0,"Diwali window, Weekend peak"
2026-11-07,P003,52.2,47.6,56.8,9.2,Diwali,0,"Diwali window, Weekend peak"
2026-11-07,P004,77.9,72.4,83.3,10.9,Diwali,0,"Diwali window, Weekend peak"
2026-11-07,P005,97.0,91.0,103.0,12.0,Diwali,0,"Diwali window, Weekend peak"
2026-11-07,P006,53.0,48.9,57.0,8.1,Diwali,0,"Diwali window, Weekend peak"
2026-11-07,P007,73.2,66.4,80.1,13.7,Diwali,0,"Diwali window, Weekend peak"
2026-11-07,P008,139.6,129.1,150.1,21.0,Diwali,0,"Diwali window, Weekend peak"
2026-11-07,P009,135.8,128.6,143.0,14.4,Diwali,0,"Diwali window, Weekend peak"
2026-11-07,P010,50.9,46.5,55.4,8.9,Diwali,0,"Diwali window, Weekend peak"
2026-11-07,P011,44.8,41.1,48.5,7.4,Diwali,0,"Diwali window, Weekend peak"
2026-11-07,P012,114.6,106.8,122.3,15.5,Diwali,0,"Diwali window, Weekend peak"
2026-11-07,P013,35.5,31.7,39.4,7.7,Diwali,0,"Diwali window, Weekend peak"
2026-11-07,P014,28.7,24.7,32.8,8.1,Diwali,0,"Diwali window, Weekend peak"
2026-11-07,P015,117.5,111.0,123.9,12.9,Diwali,0,"Diwali window, Weekend peak"
2026-11-08,P001,159.9,151.5,168.4,16.9,Diwali,0,"Diwali window, Weekend peak"
2026-11-08,P002,121.8,115.0,128.7,13.7,Diwali,0,"Diwali window, Weekend peak"
2026-11-08,P003,53.0,48.4,57.6,9.2,Diwali,0,"Diwali window, Weekend peak"
2026-11-08,P004,72.5,67.0,78.0,11.0,Diwali,0,"Diwali window, Weekend peak"
2026-11-08,P005,96.2,90.2,102.1,11.9,Diwali,0,"Diwali window, Weekend peak"
2026-11-08,P006,53.4,49.4,57.5,8.1,Diwali,0,"Diwali window, Weekend peak"
2026-11-08,P007,70.5,63.7,77.3,13.6,Diwali,0,"Diwali window, Weekend peak"
2026-11-08,P008,135.8,125.4,146.3,20.9,Diwali,0,"Diwali window, Weekend peak"
2026-11-08,P009,135.8,128.6,143.0,14.4,Diwali,0,"Diwali window, Weekend peak"
2026-11-08,P010,50.1,45.6,54.5,8.9,Diwali,0,"Diwali window, Weekend peak"
2026-11-08,P011,45.8,42.1,49.4,7.3,Diwali,0,"Diwali window, Weekend peak"
2026-11-08,P012,94.0,86.2,101.7,15.5,Diwali,0,"Diwali window, Weekend peak"
2026-11-08,P013,35.6,31.8,39.5,7.7,Diwali,0,"Diwali window, Weekend peak"
2026-11-08,P014,28.2,24.2,32.2,8.0,Diwali,0,"Diwali window, Weekend peak"
2026-11-08,P015,112.4,105.9,118.9,13.0,Diwali,0,"Diwali window, Weekend peak"
2026-11-09,P001,119.2,110.8,127.7,16.9,Diwali,0,Diwali window
2026-11-09,P002,87.9,81.1,94.8,13.7,Diwali,0,Diwali window
2026-11-09,P003,46.3,41.7,50.9,9.2,Diwali,0,Diwali window
2026-11-09,P004,59.9,54.4,65.3,10.9,Diwali,0,Diwali window
2026-11-09,P005,71.1,65.1,77.0,11.9,Diwali,0,Diwali window
2026-11-09,P006,33.4,29.3,37.5,8.2,Diwali,0,Diwali window
2026-11-09,P007,51.0,44.2,57.8,13.6,Diwali,0,Diwali window
2026-11-09,P008,101.0,90.6,111.5,20.9,Diwali,0,Diwali window
2026-11-09,P009,114.6,107.4,121.8,14.4,Diwali,0,Diwali window
2026-11-09,P010,37.2,32.7,41.6,8.9,Diwali,0,Diwali window
2026-11-09,P011,38.1,34.4,41.8,7.4,Diwali,0,Diwali window
2026-11-09,P012,83.2,75.4,90.9,15.5,Diwali,0,Diwali window
2026-11-09,P013,32.3,28.5,36.1,7.6,Diwali,0,Diwali window
2026-11-09,P014,24.3,20.3,28.3,8.0,Diwali,0,Diwali window
2026-11-09,P015,91.6,85.1,98.0,12.9,Diwali,0,Diwali window
2026-11-10,P001,118.5,110.0,127.0,17.0,None,0,Normal weekday
2026-11-10,P002,85.2,78.3,92.0,13.7,None,0,Normal weekday
2026-11-10,P003,41.2,36.6,45.8,9.2,None,0,Normal weekday
2026-11-10,P004,55.3,49.8,60.7,10.9,None,0,Normal weekday
2026-11-10,P005,52.6,46.6,58.5,11.9,None,0,Normal weekday
2026-11-10,P006,34.0,29.9,38.1,8.2,None,0,Normal weekday
2026-11-10,P007,44.7,37.8,51.5,13.7,None,0,Normal weekday
2026-11-10,P008,99.4,89.0,109.9,20.9,None,0,Normal weekday
2026-11-10,P009,102.6,95.4,109.8,14.4,None,0,Normal weekday
2026-11-10,P010,27.5,23.0,31.9,8.9,None,0,Normal weekday
2026-11-10,P011,20.6,17.0,24.3,7.3,None,0,Normal weekday
2026-11-10,P012,80.4,72.7,88.2,15.5,None,0,Normal weekday
2026-11-10,P013,26.6,22.8,30.4,7.6,None,0,Normal weekday
2026-11-10,P014,24.7,20.6,28.7,8.1,None,0,Normal weekday
2026-11-10,P015,87.2,80.7,93.6,12.9,None,0,Normal weekday
2026-11-11,P001,125.7,117.2,134.2,17.0,None,0,Normal weekday
2026-11-11,P002,91.4,84.5,98.2,13.7,None,0,Normal weekday
2026-11-11,P003,41.9,37.3,46.5,9.2,None,0,Normal weekday
2026-11-11,P004,58.1,52.6,63.5,10.9,None,0,Normal weekday
2026-11-11,P005,54.0,48.0,60.0,12.0,None,0,Normal weekday
2026-11-11,P006,34.6,30.5,38.7,8.2,None,0,Normal weekday
2026-11-11,P007,43.6,36.7,50.4,13.7,None,0,Normal weekday
2026-11-11,P008,99.3,88.9,109.8,20.9,None,0,Normal weekday
2026-11-11,P009,101.6,94.4,108.9,14.5,None,0,Normal weekday
2026-11-11,P010,28.2,23.8,32.6,8.8,None,0,Normal weekday
2026-11-11,P011,19.7,16.1,23.4,7.3,None,0,Normal weekday
2026-11-11,P012,85.4,77.6,93.1,15.5,None,0,Normal weekday
2026-11-11,P013,27.6,23.7,31.4,7.7,None,0,Normal weekday
2026-11-11,P014,23.7,19.6,27.7,8.1,None,0,Normal weekday
2026-11-11,P015,92.9,86.4,99.4,13.0,None,0,Normal weekday
2026-11-12,P001,125.7,117.2,134.2,17.0,None,0,Normal weekday
2026-11-12,P002,90.4,83.6,97.2,13.6,None,0,Normal weekday
2026-11-12,P003,42.4,37.8,47.1,9.3,None,0,Normal weekday
2026-11-12,P004,59.5,54.0,64.9,10.9,None,0,Normal weekday
2026-11-12,P005,54.6,48.6,60.6,12.0,None,0,Normal weekday
2026-11-12,P006,38.7,34.6,42.8,8.2,None,0,Normal weekday
2026-11-12,P007,52.6,45.8,59.4,13.6,None,0,Normal weekday
2026-11-12,P008,101.0,90.5,111.4,20.9,None,0,Normal weekday
2026-11-12,P009,103.7,96.5,110.9,14.4,None,0,Normal weekday
2026-11-12,P010,30.6,26.2,35.0,8.8,None,0,Normal weekday
2026-11-12,P011,19.4,15.7,23.0,7.3,None,0,Normal weekday
2026-11-12,P012,86.9,79.1,94.6,15.5,None,0,Normal weekday
2026-11-12,P013,27.1,23.3,30.9,7.6,None,0,Normal weekday
2026-11-12,P014,25.6,21.6,29.7,8.1,None,0,Normal weekday
2026-11-12,P015,91.5,85.0,98.0,13.0,None,0,Normal weekday
2026-11-13,P001,153.5,145.0,162.0,17.0,None,0,Weekend peak
2026-11-13,P002,120.9,114.1,127.8,13.7,None,0,Weekend peak
2026-11-13,P003,51.6,47.0,56.2,9.2,None,0,Weekend peak
2026-11-13,P004,65.2,59.7,70.6,10.9,None,0,Weekend peak
2026-11-13,P005,73.6,67.7,79.6,11.9,None,0,Weekend peak
2026-11-13,P006,46.1,42.0,50.2,8.2,None,0,Weekend peak
2026-11-13,P007,63.8,57.0,70.7,13.7,None,0,Weekend peak
2026-11-13,P008,133.6,123.2,144.1,20.9,None,0,Weekend peak
2026-11-13,P009,120.5,113.3,127.8,14.5,None,0,Weekend peak
2026-11-13,P010,38.3,33.9,42.7,8.8,None,0,Weekend peak
2026-11-13,P011,23.9,20.2,27.5,7.3,None,0,Weekend peak
2026-11-13,P012,98.3,90.6,106.1,15.5,None,0,Weekend peak
2026-11-13,P013,28.8,25.0,32.7,7.7,None,0,Weekend peak
2026-11-13,P014,26.2,22.2,30.3,8.1,None,0,Weekend peak
2026-11-13,P015,97.5,91.1,104.0,12.9,None,0,Weekend peak
2026-11-14,P001,181.5,173.0,190.0,17.0,None,0,Weekend peak
2026-11-14,P002,129.6,122.7,136.4,13.7,None,0,Weekend peak
2026-11-14,P003,49.7,45.1,54.3,9.2,None,0,Weekend peak
2026-11-14,P004,75.9,70.5,81.4,10.9,None,0,Weekend peak
2026-11-14,P005,84.4,78.4,90.4,12.0,None,0,Weekend peak
2026-11-14,P006,50.6,46.6,54.7,8.1,None,0,Weekend peak
2026-11-14,P007,65.4,58.6,72.2,13.6,None,0,Weekend peak
2026-11-14,P008,139.6,129.1,150.0,20.9,None,0,Weekend peak
2026-11-14,P009,134.2,127.0,141.4,14.4,None,0,Weekend peak
2026-11-14,P010,40.6,36.2,45.1,8.9,None,0,Weekend peak
2026-11-14,P011,25.1,21.4,28.8,7.4,None,0,Weekend peak
2026-11-14,P012,112.1,104.4,119.9,15.5,None,0,Weekend peak
2026-11-14,P013,34.8,30.9,38.6,7.7,None,0,Weekend peak
2026-11-14,P014,27.6,23.6,31.7,8.1,None,0,Weekend peak
2026-11-14,P015,113.3,106.8,119.7,12.9,None,0,Weekend peak
2026-11-15,P001,159.5,151.0,168.0,17.0,None,0,Weekend peak
2026-11-15,P002,123.6,116.8,130.5,13.7,None,0,Weekend peak
2026-11-15,P003,50.2,45.6,54.8,9.2,None,0,Weekend peak
2026-11-15,P004,68.5,63.1,74.0,10.9,None,0,Weekend peak
2026-11-15,P005,77.9,71.9,83.9,12.0,None,0,Weekend peak
2026-11-15,P006,48.9,44.8,53.0,8.2,None,0,Weekend peak
2026-11-15,P007,66.1,59.2,72.9,13.7,None,0,Weekend peak
2026-11-15,P008,135.9,125.4,146.3,20.9,None,0,Weekend peak
2026-11-15,P009,132.0,124.8,139.3,14.5,None,0,Weekend peak
2026-11-15,P010,38.4,33.9,42.8,8.9,None,0,Weekend peak
2026-11-15,P011,20.8,17.2,24.5,7.3,None,0,Weekend peak
2026-11-15,P012,97.6,89.9,105.4,15.5,None,0,Weekend peak
2026-11-15,P013,35.8,32.0,39.6,7.6,None,0,Weekend peak
2026-11-15,P014,27.1,23.1,31.2,8.1,None,0,Weekend peak
2026-11-15,P015,110.0,103.6,116.5,12.9,None,0,Weekend peak
2026-11-16,P001,118.5,110.1,127.0,16.9,None,0,Normal weekday
2026-11-16,P002,86.2,79.4,93.1,13.7,None,0,Normal weekday
2026-11-16,P003,40.8,36.1,45.4,9.3,None,0,Normal weekday
2026-11-16,P004,58.5,53.0,63.9,10.9,None,0,Normal weekday
2026-11-16,P005,53.9,47.9,59.9,12.0,None,0,Normal weekday
2026-11-16,P006,33.1,29.0,37.2,8.2,None,0,Normal weekday
2026-11-16,P007,44.0,37.1,50.8,13.7,None,0,Normal weekday
2026-11-16,P008,101.6,91.2,112.1,20.9,None,0,Normal weekday
2026-11-16,P009,102.4,95.2,109.7,14.5,None,0,Normal weekday
2026-11-16,P010,27.7,23.2,32.1,8.9,None,0,Normal weekday
2026-11-16,P011,20.8,17.1,24.5,7.4,None,0,Normal weekday
2026-11-16,P012,82.0,74.3,89.8,15.5,None,0,Normal weekday
2026-11-16,P013,27.4,23.6,31.2,7.6,None,0,Normal weekday
2026-11-16,P014,25.0,21.0,29.0,8.0,None,0,Normal weekday
2026-11-16,P015,87.9,81.4,94.4,13.0,None,0,Normal weekday
2026-11-17,P001,120.2,111.7,128.7,17.0,None,0,Normal weekday
2026-11-17,P002,86.1,79.3,93.0,13.7,None,0,Normal weekday
2026-11-17,P003,41.5,36.8,46.1,9.3,None,0,Normal weekday
2026-11-17,P004,59.6,54.2,65.1,10.9,None,0,Normal weekday
2026-11-17,P005,52.7,46.7,58.7,12.0,None,0,Normal weekday
2026-11-17,P006,35.7,31.6,39.7,8.1,None,0,Normal weekday
2026-11-17,P007,44.5,37.7,51.3,13.6,None,0,Normal weekday
2026-11-17,P008,99.8,89.4,110.3,20.9,None,0,Normal weekday
2026-11-17,P009,101.6,94.4,108.9,14.5,None,0,Normal weekday
2026-11-17,P010,27.9,23.5,32.4,8.9,None,0,Normal weekday
2026-11-17,P011,20.2,16.5,23.8,7.3,None,0,Normal weekday
2026-11-17,P012,77.7,69.9,85.4,15.5,None,0,Normal weekday
2026-11-17,P013,26.7,22.9,30.5,7.6,None,0,Normal weekday
2026-11-17,P014,25.4,21.3,29.4,8.1,None,0,Normal weekday
2026-11-17,P015,86.3,79.8,92.7,12.9,None,0,Normal weekday
2026-11-18,P001,127.4,118.9,135.8,16.9,None,0,Normal weekday
2026-11-18,P002,93.6,86.8,100.5,13.7,None,0,Normal weekday
2026-11-18,P003,41.6,36.9,46.2,9.3,None,0,Normal weekday
2026-11-18,P004,60.3,54.9,65.8,10.9,None,0,Normal weekday
2026-11-18,P005,54.3,48.3,60.3,12.0,None,0,Normal weekday
2026-11-18,P006,36.9,32.8,41.0,8.2,None,0,Normal weekday
2026-11-18,P007,43.9,37.1,50.7,13.6,None,0,Normal weekday
2026-11-18,P008,99.3,88.9,109.8,20.9,None,0,Normal weekday
2026-11-18,P009,102.9,95.6,110.1,14.5,None,0,Normal weekday
2026-11-18,P010,28.8,24.4,33.3,8.9,None,0,Normal weekday
2026-11-18,P011,19.1,15.5,22.8,7.3,None,0,Normal weekday
2026-11-18,P012,79.5,71.7,87.2,15.5,None,0,Normal weekday
2026-11-18,P013,27.4,23.5,31.2,7.7,None,0,Normal weekday
2026-11-18,P014,24.1,20.0,28.1,8.1,None,0,Normal weekday
2026-11-18,P015,89.6,83.1,96.0,12.9,None,0,Normal weekday
2026-11-19,P001,128.2,119.8,136.7,16.9,None,0,Normal weekday
2026-11-19,P002,93.0,86.1,99.8,13.7,None,0,Normal weekday
2026-11-19,P003,41.5,36.9,46.1,9.2,None,0,Normal weekday
2026-11-19,P004,58.2,52.8,63.7,10.9,None,0,Normal weekday
2026-11-19,P005,58.2,52.3,64.2,11.9,None,0,Normal weekday
2026-11-19,P006,42.1,38.0,46.2,8.2,None,0,Normal weekday
2026-11-19,P007,53.5,46.7,60.4,13.7,None,0,Normal weekday
2026-11-19,P008,99.6,89.2,110.1,20.9,None,0,Normal weekday
2026-11-19,P009,100.8,93.5,108.0,14.5,None,0,Normal weekday
2026-11-19,P010,31.1,26.6,35.5,8.9,None,0,Normal weekday
2026-11-19,P011,18.1,14.4,21.7,7.3,None,0,Normal weekday
2026-11-19,P012,81.5,73.8,89.3,15.5,None,0,Normal weekday
2026-11-19,P013,27.6,23.7,31.4,7.7,None,0,Normal weekday
2026-11-19,P014,24.5,20.5,28.6,8.1,None,0,Normal weekday
2026-11-19,P015,88.8,82.3,95.2,12.9,None,0,Normal weekday
2026-11-20,P001,152.8,144.3,161.3,17.0,None,0,Weekend peak
2026-11-20,P002,120.2,113.4,127.1,13.7,None,0,Weekend peak
2026-11-20,P003,50.7,46.1,55.4,9.3,None,0,Weekend peak
2026-11-20,P004,68.2,62.8,73.7,10.9,None,0,Weekend peak
2026-11-20,P005,74.2,68.2,80.2,12.0,None,0,Weekend peak
2026-11-20,P006,46.8,42.8,50.9,8.1,None,0,Weekend peak
2026-11-20,P007,63.0,56.1,69.8,13.7,None,0,Weekend peak
2026-11-20,P008,134.2,123.7,144.6,20.9,None,0,Weekend peak
2026-11-20,P009,119.9,112.7,127.1,14.4,None,0,Weekend peak
2026-11-20,P010,38.6,34.1,43.0,8.9,None,0,Weekend peak
2026-11-20,P011,23.9,20.2,27.5,7.3,None,0,Weekend peak
2026-11-20,P012,97.8,90.1,105.6,15.5,None,0,Weekend peak
2026-11-20,P013,32.3,28.5,36.1,7.6,None,0,Weekend peak
2026-11-20,P014,26.0,22.0,30.0,8.0,None,0,Weekend peak
2026-11-20,P015,99.8,93.4,106.3,12.9,None,0,Weekend peak
