product_id,name,expected_demand_7d,expected_demand_14d,expected_demand_45d,trend_vs_last28d_pct,demand_velocity,uncertainty_level,sigma,wape_pct,has_spike_alert,spike_details,upcoming_holiday,upcoming_promo,overstock_pricing_candidate,copilot_explanation
P001,Milk 1L,135.5,136.7,137.8,-6.9,STABLE,LOW,12.41,6.8,True,2026-10-04 (+9.83%),Diwali on 2026-11-08,None,False,Steady baseline demand following regular weekly shopping patterns
P002,Bread Loaf,102.2,104.0,103.8,-4.5,STABLE,LOW,11.26,8.3,True,2026-10-04 (+1.14%),Diwali on 2026-11-08,None,False,Steady baseline demand following regular weekly shopping patterns
P003,Basmati Rice 5kg,43.6,47.7,46.7,3.2,STABLE,MEDIUM,11.46,15.9,True,2026-10-02 (+85.77%),Diwali on 2026-11-08,None,False,Festive preparation lift expected (Diwali on 2026-11-08); Recent demand spike detected on 2026-10-02 (+85.77%)
P004,Cooking Oil 1L,60.2,63.4,63.2,-2.6,STABLE,MEDIUM,9.1,10.7,True,2026-10-04 (+4.9%),Diwali on 2026-11-08,None,False,Festive preparation lift expected (Diwali on 2026-11-08)
P005,Sugar 1kg,61.1,70.6,69.3,10.5,STABLE,LOW,7.12,10.0,True,2026-10-04 (+6.76%),Diwali on 2026-11-08,None,False,Festive preparation lift expected (Diwali on 2026-11-08)
P006,Tea 250g,39.0,39.3,40.6,9.8,STABLE,MEDIUM,7.11,14.6,True,2026-09-24 (+50.29%),Diwali on 2026-11-08,None,False,Recent demand spike detected on 2026-09-24 (+50.29%)
P007,Soft Drink 2L,55.8,70.3,60.4,2.2,STABLE,MEDIUM,11.17,13.4,True,2026-10-01 (+2.87%),Diwali on 2026-11-08,2026-10-14 to 2026-10-18,False,Demand expected to surge due to upcoming planned promotion (2026-10-14 to 2026-10-18)
P008,Bottled Water 1L,121.1,119.4,116.9,-10.6,STABLE,MEDIUM,25.25,11.1,True,2026-09-21 (+67.58%),Diwali on 2026-11-08,None,True,Recent demand spike detected on 2026-09-21 (+67.58%); Current stock (1500) exceeds projected 9-day demand need (1054); candidate for dynamic pricing or promo discount
P009,Biscuits Pack,109.0,115.3,120.1,4.6,STABLE,LOW,11.39,9.0,True,2026-10-01 (+9.84%),Diwali on 2026-11-08,2026-11-01 to 2026-11-05,False,Demand expected to surge due to upcoming planned promotion (2026-11-01 to 2026-11-05)
P010,Chocolate Box,31.9,37.7,36.4,8.5,STABLE,MEDIUM,6.78,15.1,True,2026-09-14 (+56.86%),Diwali on 2026-11-08,None,False,Festive preparation lift expected (Diwali on 2026-11-08); Recent demand spike detected on 2026-09-14 (+56.86%)
P011,Sweets Box (Mithai),21.8,31.6,28.4,43.4,SURGING,HIGH,4.8,16.3,True,2026-10-03 (+7.53%),Diwali on 2026-11-08,None,False,"Diwali festival demand surge expected (+120% lift approaching 2026-11-08); High forecast uncertainty (sigma=4.8, WAPE=16.3%)"
P012,Eggs Dozen,87.6,88.6,89.6,-11.5,STABLE,MEDIUM,27.26,14.4,True,2026-09-28 (+74.4%),Diwali on 2026-11-08,None,True,Recent demand spike detected on 2026-09-28 (+74.4%); Current stock (700) exceeds projected 9-day demand need (763); candidate for dynamic pricing or promo discount
P013,Detergent 1kg,28.5,29.9,30.1,7.0,STABLE,MEDIUM,5.06,14.3,True,2026-10-02 (+2.86%),Diwali on 2026-11-08,None,False,Steady baseline demand following regular weekly shopping patterns
P014,Ice Cream Tub,25.9,26.1,25.9,-2.9,STABLE,HIGH,6.15,30.9,False,None,Diwali on 2026-11-08,None,False,"High forecast uncertainty (sigma=6.2, WAPE=30.9%)"
P015,Instant Noodles,94.3,97.0,97.7,1.7,STABLE,MEDIUM,12.51,10.1,True,2026-10-05 (+5.32%),Diwali on 2026-11-08,None,False,Steady baseline demand following regular weekly shopping patterns
