product_id,as_of_date,window_days,analog_rank,historical_match_date,similarity_score,current_avg_demand,historical_match_avg_demand,historical_future_avg_demand,historical_change_pct,historical_holiday,historical_promo,current_holiday,current_promo,event_alignment,analog_agreement,analog_confidence,prophet_change_pct,forecast_agreement,explanation
P001,2026-10-07,14,1,2024-11-19,97.37,155.43,144.5,125.5,-13.15,Diwali,Active Promo,Dussehra,Active Promo,MEDIUM,HIGH,HIGH,-12.05,STRONG_AGREEMENT,Demand pattern matches historical period ending 97.4% similarity; historically followed by -13.1% demand change; statistical forecast and analog evidence agree on steady/declining demand (-12.1% vs -12.5%)
P001,2026-10-07,14,2,2025-11-18,93.32,155.43,164.79,147.93,-10.23,No Holiday,Active Promo,Dussehra,Active Promo,HIGH,HIGH,HIGH,-12.05,STRONG_AGREEMENT,Current demand pattern closely resembles a previous promotion period (similarity=93.3); historically followed by -10.2% demand change; statistical forecast and analog evidence agree on steady/declining demand (-12.1% vs -12.5%)
P001,2026-10-07,14,3,2026-06-30,90.58,155.43,146.43,125.71,-14.15,No Holiday,Active Promo,Dussehra,Active Promo,HIGH,HIGH,HIGH,-12.05,STRONG_AGREEMENT,Current demand pattern closely resembles a previous promotion period (similarity=90.6); historically followed by -14.1% demand change; statistical forecast and analog evidence agree on steady/declining demand (-12.1% vs -12.5%)
P002,2026-10-07,14,1,2025-04-15,91.03,101.71,93.43,92.14,-1.38,Eid al-Fitr,No Promo,Dussehra,No Promo,MEDIUM,HIGH,HIGH,2.21,STRONG_AGREEMENT,Demand pattern matches historical period ending 91.0% similarity; historically followed by -1.4% demand change; statistical forecast and analog evidence agree on increasing demand (+2.2% vs +4.2%)
P002,2026-10-07,14,2,2025-11-18,89.42,101.71,103.43,100.86,-2.49,No Holiday,No Promo,Dussehra,No Promo,LOW,HIGH,HIGH,2.21,STRONG_AGREEMENT,"Current demand pattern resembles a historical period (similarity=89.4), but event context differs; historically followed by -2.5% demand change; statistical forecast and analog evidence agree on increasing demand (+2.2% vs +4.2%)"
P002,2026-10-07,14,3,2026-07-28,88.4,101.71,96.29,112.21,16.54,No Holiday,Active Promo,Dussehra,No Promo,MEDIUM,HIGH,HIGH,2.21,STRONG_AGREEMENT,Demand pattern matches historical period ending 88.4% similarity; historically followed by +16.5% demand change; statistical forecast and analog evidence agree on increasing demand (+2.2% vs +4.2%)
P003,2026-10-07,14,1,2025-12-31,91.03,48.07,56.57,44.43,-21.46,"Christmas, New Year",Active Promo,Dussehra,No Promo,MEDIUM,MEDIUM,HIGH,-0.67,AGREEMENT,Demand pattern matches historical period ending 91.0% similarity; historically followed by -21.5% demand change; statistical forecast and analog evidence agree on steady/declining demand (-0.7% vs +2.2%)
P003,2026-10-07,14,2,2025-12-17,90.12,48.07,46.14,56.57,22.6,"Christmas, New Year",Active Promo,Dussehra,No Promo,MEDIUM,MEDIUM,HIGH,-0.67,AGREEMENT,Demand pattern matches historical period ending 90.1% similarity; historically followed by +22.6% demand change; statistical forecast and analog evidence agree on steady/declining demand (-0.7% vs +2.2%)
P003,2026-10-07,14,3,2024-11-20,89.71,48.07,45.21,47.79,5.69,No Holiday,No Promo,Dussehra,No Promo,LOW,MEDIUM,HIGH,-0.67,AGREEMENT,"Current demand pattern resembles a historical period (similarity=89.7), but event context differs; historically followed by +5.7% demand change; statistical forecast and analog evidence agree on steady/declining demand (-0.7% vs +2.2%)"
P004,2026-10-07,14,1,2025-08-25,93.82,72.29,64.5,60.43,-6.31,No Holiday,Active Promo,Dussehra,Active Promo,HIGH,HIGH,HIGH,-12.26,STRONG_AGREEMENT,Current demand pattern closely resembles a previous promotion period (similarity=93.8); historically followed by -6.3% demand change; statistical forecast and analog evidence agree on steady/declining demand (-12.3% vs -2.3%)
P004,2026-10-07,14,2,2026-03-17,92.41,72.29,63.14,73.79,16.86,"Eid al-Fitr, Holi",Active Promo,Dussehra,Active Promo,MEDIUM,HIGH,HIGH,-12.26,STRONG_AGREEMENT,Demand pattern matches historical period ending 92.4% similarity; historically followed by +16.9% demand change; statistical forecast and analog evidence agree on steady/declining demand (-12.3% vs -2.3%)
P004,2026-10-07,14,3,2026-09-01,92.15,72.29,70.43,58.14,-17.44,No Holiday,Active Promo,Dussehra,Active Promo,HIGH,HIGH,HIGH,-12.26,STRONG_AGREEMENT,Current demand pattern closely resembles a previous promotion period (similarity=92.2); historically followed by -17.4% demand change; statistical forecast and analog evidence agree on steady/declining demand (-12.3% vs -2.3%)
P005,2026-10-07,14,1,2026-08-04,91.59,63.14,66.86,68.43,2.35,No Holiday,No Promo,Dussehra,No Promo,LOW,HIGH,MEDIUM,11.87,STRONG_AGREEMENT,"Current demand pattern resembles a historical period (similarity=91.6), but event context differs; historically followed by +2.4% demand change; statistical forecast and analog evidence agree on increasing demand (+11.9% vs +4.7%)"
P005,2026-10-07,14,2,2025-01-14,91.19,63.14,70.07,64.29,-8.26,New Year,No Promo,Dussehra,No Promo,MEDIUM,HIGH,MEDIUM,11.87,STRONG_AGREEMENT,Demand pattern matches historical period ending 91.2% similarity; historically followed by -8.3% demand change; statistical forecast and analog evidence agree on increasing demand (+11.9% vs +4.7%)
P005,2026-10-07,14,3,2025-02-04,90.17,63.14,64.36,77.43,20.31,Valentine's Day,Active Promo,Dussehra,No Promo,MEDIUM,HIGH,MEDIUM,11.87,STRONG_AGREEMENT,Demand pattern matches historical period ending 90.2% similarity; historically followed by +20.3% demand change; statistical forecast and analog evidence agree on increasing demand (+11.9% vs +4.7%)
P006,2026-10-07,14,1,2026-06-25,85.11,37.86,30.93,28.43,-8.08,No Holiday,No Promo,Dussehra,No Promo,LOW,HIGH,MEDIUM,3.91,AGREEMENT,"Current demand pattern resembles a historical period (similarity=85.1), but event context differs; historically followed by -8.1% demand change; statistical forecast and analog evidence agree on increasing demand (+3.9% vs -1.9%)"
P006,2026-10-07,14,2,2025-04-09,83.07,37.86,38.0,34.43,-9.4,Eid al-Fitr,No Promo,Dussehra,No Promo,MEDIUM,HIGH,MEDIUM,3.91,AGREEMENT,Demand pattern matches historical period ending 83.1% similarity; historically followed by -9.4% demand change; statistical forecast and analog evidence agree on increasing demand (+3.9% vs -1.9%)
P006,2026-10-07,14,3,2025-10-07,80.06,37.86,35.57,40.0,12.45,"Diwali, Dussehra",Active Promo,Dussehra,No Promo,HIGH,HIGH,MEDIUM,3.91,AGREEMENT,"Current demand pattern closely resembles a previous Diwali, Dussehra period (similarity=80.1); historically followed by +12.4% demand change; statistical forecast and analog evidence agree on increasing demand (+3.9% vs -1.9%)"
P007,2026-10-07,14,1,2025-01-28,92.74,57.5,61.57,84.14,36.66,Valentine's Day,Active Promo,Dussehra,Active Promo,MEDIUM,MEDIUM,HIGH,22.21,STRONG_AGREEMENT,Demand pattern matches historical period ending 92.7% similarity; historically followed by +36.7% demand change; statistical forecast and analog evidence agree on increasing demand (+22.2% vs +15.4%)
P007,2026-10-07,14,2,2026-01-06,91.63,57.5,62.07,61.64,-0.69,"Christmas, New Year",No Promo,Dussehra,Active Promo,MEDIUM,MEDIUM,HIGH,22.21,STRONG_AGREEMENT,Demand pattern matches historical period ending 91.6% similarity; historically followed by -0.7% demand change; statistical forecast and analog evidence agree on increasing demand (+22.2% vs +15.4%)
P007,2026-10-07,14,3,2026-02-10,90.76,57.5,71.86,79.0,9.94,Valentine's Day,No Promo,Dussehra,Active Promo,MEDIUM,MEDIUM,HIGH,22.21,STRONG_AGREEMENT,Demand pattern matches historical period ending 90.8% similarity; historically followed by +9.9% demand change; statistical forecast and analog evidence agree on increasing demand (+22.2% vs +15.4%)
P008,2026-10-07,14,1,2026-06-16,97.0,124.0,224.0,216.5,-3.35,No Holiday,No Promo,Dussehra,No Promo,LOW,HIGH,MEDIUM,-3.72,STRONG_AGREEMENT,"Current demand pattern resembles a historical period (similarity=97.0), but event context differs; historically followed by -3.3% demand change; statistical forecast and analog evidence agree on steady/declining demand (-3.7% vs -1.4%)"
P008,2026-10-07,14,2,2025-11-25,95.74,124.0,101.5,106.07,4.5,No Holiday,No Promo,Dussehra,No Promo,LOW,HIGH,MEDIUM,-3.72,STRONG_AGREEMENT,"Current demand pattern resembles a historical period (similarity=95.7), but event context differs; historically followed by +4.5% demand change; statistical forecast and analog evidence agree on steady/declining demand (-3.7% vs -1.4%)"
P008,2026-10-07,14,3,2026-06-30,95.64,124.0,216.5,205.14,-5.25,No Holiday,No Promo,Dussehra,No Promo,LOW,HIGH,MEDIUM,-3.72,STRONG_AGREEMENT,"Current demand pattern resembles a historical period (similarity=95.6), but event context differs; historically followed by -5.2% demand change; statistical forecast and analog evidence agree on steady/declining demand (-3.7% vs -1.4%)"
P009,2026-10-07,14,1,2025-11-04,91.52,111.36,110.36,114.86,4.08,Diwali,No Promo,Dussehra,No Promo,MEDIUM,HIGH,HIGH,3.57,AGREEMENT,Demand pattern matches historical period ending 91.5% similarity; historically followed by +4.1% demand change; statistical forecast and analog evidence agree on increasing demand (+3.6% vs -0.8%)
P009,2026-10-07,14,2,2025-09-16,90.81,111.36,107.71,111.36,3.38,Dussehra,No Promo,Dussehra,No Promo,HIGH,HIGH,HIGH,3.57,AGREEMENT,Current demand pattern closely resembles a previous Dussehra period (similarity=90.8); historically followed by +3.4% demand change; statistical forecast and analog evidence agree on increasing demand (+3.6% vs -0.8%)
P009,2026-10-07,14,3,2024-12-31,89.69,111.36,142.57,128.14,-10.12,"Christmas, New Year",Active Promo,Dussehra,No Promo,MEDIUM,HIGH,HIGH,3.57,AGREEMENT,Demand pattern matches historical period ending 89.7% similarity; historically followed by -10.1% demand change; statistical forecast and analog evidence agree on increasing demand (+3.6% vs -0.8%)
P010,2026-10-07,14,1,2025-04-15,95.42,33.86,31.14,35.71,14.68,Eid al-Fitr,Active Promo,Dussehra,No Promo,MEDIUM,HIGH,HIGH,11.27,STRONG_AGREEMENT,Demand pattern matches historical period ending 95.4% similarity; historically followed by +14.7% demand change; statistical forecast and analog evidence agree on increasing demand (+11.3% vs +15.4%)
P010,2026-10-07,14,2,2026-04-21,91.65,33.86,33.43,37.5,12.18,No Holiday,Active Promo,Dussehra,No Promo,MEDIUM,HIGH,HIGH,11.27,STRONG_AGREEMENT,Demand pattern matches historical period ending 91.7% similarity; historically followed by +12.2% demand change; statistical forecast and analog evidence agree on increasing demand (+11.3% vs +15.4%)
P010,2026-10-07,14,3,2026-02-24,86.79,33.86,34.36,41.07,19.54,"Holi, Valentine's Day",No Promo,Dussehra,No Promo,MEDIUM,HIGH,HIGH,11.27,STRONG_AGREEMENT,Demand pattern matches historical period ending 86.8% similarity; historically followed by +19.5% demand change; statistical forecast and analog evidence agree on increasing demand (+11.3% vs +15.4%)
P011,2026-10-07,14,1,2025-09-09,86.88,22.07,21.86,18.86,-13.73,No Holiday,No Promo,Dussehra,No Promo,LOW,LOW,LOW,43.17,CONFLICT,"Current demand pattern resembles a historical period (similarity=86.9), but event context differs; historically followed by -13.7% demand change; statistical forecast indicates increasing demand (+43.2%), while analog consensus suggests declining demand (-4.2%); historical evidence is conflicting"
P011,2026-10-07,14,2,2025-03-04,85.42,22.07,22.64,31.64,39.75,"Holi, Valentine's Day",Active Promo,Dussehra,No Promo,MEDIUM,LOW,LOW,43.17,CONFLICT,"Demand pattern matches historical period ending 85.4% similarity; historically followed by +39.7% demand change; statistical forecast indicates increasing demand (+43.2%), while analog consensus suggests declining demand (-4.2%); historical evidence is conflicting"
P011,2026-10-07,14,3,2025-01-01,85.07,22.07,35.79,22.0,-38.52,"Christmas, New Year",No Promo,Dussehra,No Promo,MEDIUM,LOW,LOW,43.17,CONFLICT,"Demand pattern matches historical period ending 85.1% similarity; historically followed by -38.5% demand change; statistical forecast indicates increasing demand (+43.2%), while analog consensus suggests declining demand (-4.2%); historical evidence is conflicting"
P012,2026-10-07,14,1,2025-02-03,95.67,112.57,99.0,88.0,-11.11,Valentine's Day,Active Promo,Dussehra,Active Promo,MEDIUM,HIGH,HIGH,-21.33,STRONG_AGREEMENT,Demand pattern matches historical period ending 95.7% similarity; historically followed by -11.1% demand change; statistical forecast and analog evidence agree on steady/declining demand (-21.3% vs -6.7%)
P012,2026-10-07,14,2,2024-11-18,92.22,112.57,102.5,87.93,-14.22,Diwali,Active Promo,Dussehra,Active Promo,MEDIUM,HIGH,HIGH,-21.33,STRONG_AGREEMENT,Demand pattern matches historical period ending 92.2% similarity; historically followed by -14.2% demand change; statistical forecast and analog evidence agree on steady/declining demand (-21.3% vs -6.7%)
P012,2026-10-07,14,3,2025-11-10,91.31,112.57,88.5,93.29,5.41,No Holiday,No Promo,Dussehra,Active Promo,LOW,HIGH,HIGH,-21.33,STRONG_AGREEMENT,"Current demand pattern resembles a historical period (similarity=91.3), but event context differs; historically followed by +5.4% demand change; statistical forecast and analog evidence agree on steady/declining demand (-21.3% vs -6.7%)"
P013,2026-10-07,14,1,2025-04-01,88.39,28.64,29.43,27.57,-6.31,"Eid al-Fitr, Holi",No Promo,Dussehra,No Promo,MEDIUM,HIGH,HIGH,4.36,STRONG_AGREEMENT,Demand pattern matches historical period ending 88.4% similarity; historically followed by -6.3% demand change; statistical forecast and analog evidence agree on increasing demand (+4.4% vs +0.3%)
P013,2026-10-07,14,2,2024-12-10,86.9,28.64,27.43,28.36,3.39,Christmas,No Promo,Dussehra,No Promo,MEDIUM,HIGH,HIGH,4.36,STRONG_AGREEMENT,Demand pattern matches historical period ending 86.9% similarity; historically followed by +3.4% demand change; statistical forecast and analog evidence agree on increasing demand (+4.4% vs +0.3%)
P013,2026-10-07,14,3,2024-12-17,86.14,28.64,28.21,29.36,4.05,"Christmas, New Year",No Promo,Dussehra,No Promo,MEDIUM,HIGH,HIGH,4.36,STRONG_AGREEMENT,Demand pattern matches historical period ending 86.1% similarity; historically followed by +4.1% demand change; statistical forecast and analog evidence agree on increasing demand (+4.4% vs +0.3%)
P014,2026-10-07,14,1,2026-02-15,87.67,25.79,31.93,35.07,9.84,"Holi, Valentine's Day",No Promo,Dussehra,No Promo,MEDIUM,HIGH,HIGH,1.02,STRONG_AGREEMENT,Demand pattern matches historical period ending 87.7% similarity; historically followed by +9.8% demand change; statistical forecast and analog evidence agree on increasing demand (+1.0% vs +1.3%)
P014,2026-10-07,14,2,2025-02-18,86.95,25.79,31.93,34.0,6.49,Valentine's Day,No Promo,Dussehra,No Promo,MEDIUM,HIGH,HIGH,1.02,STRONG_AGREEMENT,Demand pattern matches historical period ending 87.0% similarity; historically followed by +6.5% demand change; statistical forecast and analog evidence agree on increasing demand (+1.0% vs +1.3%)
P014,2026-10-07,14,3,2025-11-04,86.65,25.79,23.86,20.86,-12.57,Diwali,No Promo,Dussehra,No Promo,MEDIUM,HIGH,HIGH,1.02,STRONG_AGREEMENT,Demand pattern matches historical period ending 86.7% similarity; historically followed by -12.6% demand change; statistical forecast and analog evidence agree on increasing demand (+1.0% vs +1.3%)
P015,2026-10-07,14,1,2025-05-13,92.66,92.43,86.71,85.29,-1.65,No Holiday,No Promo,Dussehra,No Promo,LOW,HIGH,MEDIUM,4.94,STRONG_AGREEMENT,"Current demand pattern resembles a historical period (similarity=92.7), but event context differs; historically followed by -1.6% demand change; statistical forecast and analog evidence agree on increasing demand (+4.9% vs +4.5%)"
P015,2026-10-07,14,2,2026-01-27,92.54,92.43,91.0,95.93,5.42,Valentine's Day,No Promo,Dussehra,No Promo,MEDIUM,HIGH,MEDIUM,4.94,STRONG_AGREEMENT,Demand pattern matches historical period ending 92.5% similarity; historically followed by +5.4% demand change; statistical forecast and analog evidence agree on increasing demand (+4.9% vs +4.5%)
P015,2026-10-07,14,3,2026-03-16,91.02,92.43,96.79,106.14,9.67,"Eid al-Fitr, Holi",Active Promo,Dussehra,No Promo,MEDIUM,HIGH,MEDIUM,4.94,STRONG_AGREEMENT,Demand pattern matches historical period ending 91.0% similarity; historically followed by +9.7% demand change; statistical forecast and analog evidence agree on increasing demand (+4.9% vs +4.5%)
