as_of_date,product_id,predicted_change_pct,actual_change_pct,absolute_error,best_similarity,analog_confidence
2025-06-01,P001,10.48,-3.72,14.2,95.76,HIGH
2025-06-01,P002,0.56,6.16,5.6,95.39,HIGH
2025-06-01,P003,0.35,-13.5,13.85,92.26,HIGH
2025-06-01,P004,8.25,-8.21,16.46,89.3,HIGH
2025-06-01,P005,14.73,15.64,0.91,92.5,HIGH
2025-06-01,P006,-1.19,-10.63,9.44,90.37,HIGH
2025-06-01,P007,14.63,-4.54,19.17,87.28,HIGH
2025-06-01,P008,1.39,-15.25,16.64,90.67,HIGH
2025-06-01,P009,-14.54,-11.47,3.07,94.99,HIGH
2025-06-01,P010,2.75,-12.16,14.91,88.65,HIGH
2025-06-01,P011,3.82,-12.7,16.52,89.41,HIGH
2025-06-01,P012,-3.33,-15.23,11.9,89.16,HIGH
2025-06-01,P013,-0.27,-1.7,1.43,86.14,HIGH
2025-06-01,P014,5.36,17.55,12.19,87.92,HIGH
2025-06-01,P015,-1.11,-5.3,4.19,94.0,HIGH
2025-09-01,P001,-10.45,-5.94,4.51,94.94,HIGH
2025-09-01,P002,-1.77,0.67,2.44,89.17,HIGH
2025-09-01,P003,0.81,12.59,11.78,94.64,HIGH
2025-09-01,P004,-0.38,13.58,13.96,91.07,HIGH
2025-09-01,P005,8.54,7.06,1.48,95.98,HIGH
2025-09-01,P006,3.05,25.98,22.93,81.87,HIGH
2025-09-01,P007,5.8,-4.17,9.97,90.54,HIGH
2025-09-01,P008,9.36,-8.64,18.0,91.06,HIGH
2025-09-01,P009,1.1,-0.67,1.77,90.83,HIGH
2025-09-01,P010,-1.78,2.32,4.1,92.1,HIGH
2025-09-01,P011,-11.13,-11.05,0.08,81.71,MEDIUM
2025-09-01,P012,4.28,-2.36,6.64,91.32,HIGH
2025-09-01,P013,-2.22,7.04,9.26,88.65,HIGH
2025-09-01,P014,6.59,-19.68,26.27,90.52,HIGH
2025-09-01,P015,6.66,-2.59,9.25,90.84,HIGH
2025-12-01,P001,-0.42,-5.35,4.93,95.66,HIGH
2025-12-01,P002,0.02,13.92,13.9,92.11,HIGH
2025-12-01,P003,-3.43,7.79,11.22,93.85,HIGH
2025-12-01,P004,2.56,-5.55,8.11,90.84,HIGH
2025-12-01,P005,-5.06,4.06,9.12,94.95,HIGH
2025-12-01,P006,-8.94,11.96,20.9,91.38,HIGH
2025-12-01,P007,1.78,0.52,1.26,93.0,HIGH
2025-12-01,P008,-1.61,10.66,12.27,94.46,HIGH
2025-12-01,P009,0.11,-0.44,0.55,92.29,HIGH
2025-12-01,P010,-3.52,3.7,7.22,90.56,HIGH
2025-12-01,P011,0.37,-3.95,4.32,94.18,HIGH
2025-12-01,P012,1.22,0.24,0.98,90.67,HIGH
2025-12-01,P013,3.92,-8.82,12.74,90.29,HIGH
2025-12-01,P014,14.5,-3.44,17.94,96.44,HIGH
2025-12-01,P015,2.61,0.92,1.69,95.99,HIGH
2026-03-01,P001,0.64,1.69,1.05,92.92,HIGH
2026-03-01,P002,3.02,1.91,1.11,93.71,HIGH
2026-03-01,P003,6.47,-3.25,9.72,88.13,HIGH
2026-03-01,P004,3.9,3.21,0.69,92.64,HIGH
2026-03-01,P005,13.4,-4.2,17.6,93.25,HIGH
2026-03-01,P006,8.06,-15.77,23.83,84.0,HIGH
2026-03-01,P007,2.45,22.46,20.01,94.56,HIGH
2026-03-01,P008,-2.6,7.71,10.31,97.39,HIGH
2026-03-01,P009,5.28,1.96,3.32,95.77,HIGH
2026-03-01,P010,10.43,12.35,1.92,93.32,HIGH
2026-03-01,P011,26.79,20.9,5.89,88.11,HIGH
2026-03-01,P012,3.0,4.36,1.36,94.14,HIGH
2026-03-01,P013,-1.48,13.16,14.64,87.01,HIGH
2026-03-01,P014,2.94,40.29,37.35,95.11,HIGH
2026-03-01,P015,1.19,2.4,1.21,91.86,HIGH
2026-06-01,P001,9.49,-5.31,14.8,91.25,HIGH
2026-06-01,P002,1.05,0.97,0.08,97.63,HIGH
2026-06-01,P003,-6.31,8.56,14.87,94.59,HIGH
2026-06-01,P004,-3.54,2.22,5.76,92.65,HIGH
2026-06-01,P005,12.2,-9.35,21.55,93.42,HIGH
2026-06-01,P006,-0.5,-0.69,0.19,88.06,HIGH
2026-06-01,P007,6.92,29.13,22.21,93.31,HIGH
2026-06-01,P008,-6.04,2.03,8.07,95.52,HIGH
2026-06-01,P009,8.0,-0.68,8.68,94.31,HIGH
2026-06-01,P010,0.19,-3.48,3.67,87.8,HIGH
2026-06-01,P011,-11.33,-15.19,3.86,92.07,HIGH
2026-06-01,P012,-0.95,-3.01,2.06,94.4,HIGH
2026-06-01,P013,2.79,-0.52,3.31,89.79,HIGH
2026-06-01,P014,7.05,0.83,6.22,90.42,HIGH
2026-06-01,P015,2.8,3.52,0.72,92.91,HIGH
2026-08-15,P001,-1.87,3.01,4.88,93.98,HIGH
2026-08-15,P002,-9.0,-13.26,4.26,95.44,HIGH
2026-08-15,P003,5.12,7.13,2.01,89.25,HIGH
2026-08-15,P004,-5.78,16.39,22.17,93.46,HIGH
2026-08-15,P005,14.94,4.75,10.19,93.51,HIGH
2026-08-15,P006,-3.41,5.35,8.76,90.45,HIGH
2026-08-15,P007,-10.25,-23.96,13.71,94.1,HIGH
2026-08-15,P008,-0.8,-15.6,14.8,90.94,HIGH
2026-08-15,P009,6.62,0.96,5.66,94.65,HIGH
2026-08-15,P010,11.46,-7.11,18.57,90.5,HIGH
2026-08-15,P011,-3.02,12.73,15.75,90.2,HIGH
2026-08-15,P012,2.61,0.0,2.61,97.05,HIGH
2026-08-15,P013,-2.3,3.69,5.99,90.54,HIGH
2026-08-15,P014,-7.41,-21.02,13.61,90.5,HIGH
2026-08-15,P015,1.59,5.33,3.74,95.79,HIGH
