product_id,as_of_date,best_match_date,best_similarity_score,top_3_consensus_growth_pct,analog_agreement,analog_confidence,event_alignment,prophet_change_pct,forecast_agreement,historical_evidence
P001,2026-10-07,2024-11-19,97.37,-12.5,HIGH,HIGH,MEDIUM,-12.05,STRONG_AGREEMENT,Top-3 consensus -12.5% demand growth (HIGH agreement); best match on 2024-11-19 (97.4% sim)
P002,2026-10-07,2025-04-15,91.03,4.15,HIGH,HIGH,MEDIUM,2.21,STRONG_AGREEMENT,Top-3 consensus +4.2% demand growth (HIGH agreement); best match on 2025-04-15 (91.0% sim)
P003,2026-10-07,2025-12-31,91.03,2.19,MEDIUM,HIGH,MEDIUM,-0.67,AGREEMENT,Top-3 consensus +2.2% demand growth (MEDIUM agreement); best match on 2025-12-31 (91.0% sim)
P004,2026-10-07,2025-08-25,93.82,-2.31,HIGH,HIGH,HIGH,-12.26,STRONG_AGREEMENT,Top-3 consensus -2.3% demand growth (HIGH agreement); best match on 2025-08-25 (93.8% sim)
P005,2026-10-07,2026-08-04,91.59,4.74,HIGH,MEDIUM,LOW,11.87,STRONG_AGREEMENT,Top-3 consensus +4.7% demand growth (HIGH agreement); best match on 2026-08-04 (91.6% sim)
P006,2026-10-07,2026-06-25,85.11,-1.9,HIGH,MEDIUM,LOW,3.91,AGREEMENT,Top-3 consensus -1.9% demand growth (HIGH agreement); best match on 2026-06-25 (85.1% sim)
P007,2026-10-07,2025-01-28,92.74,15.41,MEDIUM,HIGH,MEDIUM,22.21,STRONG_AGREEMENT,Top-3 consensus +15.4% demand growth (MEDIUM agreement); best match on 2025-01-28 (92.7% sim)
P008,2026-10-07,2026-06-16,97.0,-1.37,HIGH,MEDIUM,LOW,-3.72,STRONG_AGREEMENT,Top-3 consensus -1.4% demand growth (HIGH agreement); best match on 2026-06-16 (97.0% sim)
P009,2026-10-07,2025-11-04,91.52,-0.84,HIGH,HIGH,MEDIUM,3.57,AGREEMENT,Top-3 consensus -0.8% demand growth (HIGH agreement); best match on 2025-11-04 (91.5% sim)
P010,2026-10-07,2025-04-15,95.42,15.38,HIGH,HIGH,MEDIUM,11.27,STRONG_AGREEMENT,Top-3 consensus +15.4% demand growth (HIGH agreement); best match on 2025-04-15 (95.4% sim)
P011,2026-10-07,2025-09-09,86.88,-4.17,LOW,LOW,LOW,43.17,CONFLICT,Top-3 consensus -4.2% demand growth (LOW agreement); best match on 2025-09-09 (86.9% sim)
P012,2026-10-07,2025-02-03,95.67,-6.73,HIGH,HIGH,MEDIUM,-21.33,STRONG_AGREEMENT,Top-3 consensus -6.7% demand growth (HIGH agreement); best match on 2025-02-03 (95.7% sim)
P013,2026-10-07,2025-04-01,88.39,0.33,HIGH,HIGH,MEDIUM,4.36,STRONG_AGREEMENT,Top-3 consensus +0.3% demand growth (HIGH agreement); best match on 2025-04-01 (88.4% sim)
P014,2026-10-07,2026-02-15,87.67,1.29,HIGH,HIGH,MEDIUM,1.02,STRONG_AGREEMENT,Top-3 consensus +1.3% demand growth (HIGH agreement); best match on 2026-02-15 (87.7% sim)
P015,2026-10-07,2025-05-13,92.66,4.45,HIGH,MEDIUM,LOW,4.94,STRONG_AGREEMENT,Top-3 consensus +4.5% demand growth (HIGH agreement); best match on 2025-05-13 (92.7% sim)
