date,product_id,promo_flag
2026-10-07,P001,0
2026-10-07,P002,0
2026-10-07,P003,0
2026-10-07,P004,0
2026-10-07,P005,0
2026-10-07,P006,0
2026-10-07,P007,0
2026-10-07,P008,0
2026-10-07,P009,0
2026-10-07,P010,0
2026-10-07,P011,0
2026-10-07,P012,0
2026-10-07,P013,0
2026-10-07,P014,0
2026-10-07,P015,0
2026-10-08,P001,0
2026-10-08,P002,0
2026-10-08,P003,0
2026-10-08,P004,0
2026-10-08,P005,0
2026-10-08,P006,0
2026-10-08,P007,0
2026-10-08,P008,0
2026-10-08,P009,0
2026-10-08,P010,0
2026-10-08,P011,0
2026-10-08,P012,0
2026-10-08,P013,0
2026-10-08,P014,0
2026-10-08,P015,0
2026-10-09,P001,0
2026-10-09,P002,0
2026-10-09,P003,0
2026-10-09,P004,0
2026-10-09,P005,0
2026-10-09,P006,0
2026-10-09,P007,0
2026-10-09,P008,0
2026-10-09,P009,0
2026-10-09,P010,0
2026-10-09,P011,0
2026-10-09,P012,0
2026-10-09,P013,0
2026-10-09,P014,0
2026-10-09,P015,0
2026-10-10,P001,0
2026-10-10,P002,0
2026-10-10,P003,0
2026-10-10,P004,0
2026-10-10,P005,0
2026-10-10,P006,0
2026-10-10,P007,0
2026-10-10,P008,0
2026-10-10,P009,0
2026-10-10,P010,0
2026-10-10,P011,0
2026-10-10,P012,0
2026-10-10,P013,0
2026-10-10,P014,0
2026-10-10,P015,0
2026-10-11,P001,0
2026-10-11,P002,0
2026-10-11,P003,0
2026-10-11,P004,0
2026-10-11,P005,0
2026-10-11,P006,0
2026-10-11,P007,0
2026-10-11,P008,0
2026-10-11,P009,0
2026-10-11,P010,0
2026-10-11,P011,0
2026-10-11,P012,0
2026-10-11,P013,0
2026-10-11,P014,0
2026-10-11,P015,0
2026-10-12,P001,0
2026-10-12,P002,0
2026-10-12,P003,0
2026-10-12,P004,0
2026-10-12,P005,0
2026-10-12,P006,0
2026-10-12,P007,0
2026-10-12,P008,0
2026-10-12,P009,0
2026-10-12,P010,0
2026-10-12,P011,0
2026-10-12,P012,0
2026-10-12,P013,0
2026-10-12,P014,0
2026-10-12,P015,0
2026-10-13,P001,0
2026-10-13,P002,0
2026-10-13,P003,0
2026-10-13,P004,0
2026-10-13,P005,0
2026-10-13,P006,0
2026-10-13,P007,0
2026-10-13,P008,0
2026-10-13,P009,0
2026-10-13,P010,0
2026-10-13,P011,0
2026-10-13,P012,0
2026-10-13,P013,0
2026-10-13,P014,0
2026-10-13,P015,0
2026-10-14,P001,0
2026-10-14,P002,0
2026-10-14,P003,0
2026-10-14,P004,0
2026-10-14,P005,0
2026-10-14,P006,0
2026-10-14,P007,1
2026-10-14,P008,0
2026-10-14,P009,0
2026-10-14,P010,0
2026-10-14,P011,0
2026-10-14,P012,0
2026-10-14,P013,0
2026-10-14,P014,0
2026-10-14,P015,0
2026-10-15,P001,0
2026-10-15,P002,0
2026-10-15,P003,0
2026-10-15,P004,0
2026-10-15,P005,0
2026-10-15,P006,0
2026-10-15,P007,1
2026-10-15,P008,0
2026-10-15,P009,0
2026-10-15,P010,0
2026-10-15,P011,0
2026-10-15,P012,0
2026-10-15,P013,0
2026-10-15,P014,0
2026-10-15,P015,0
2026-10-16,P001,0
2026-10-16,P002,0
2026-10-16,P003,0
2026-10-16,P004,0
2026-10-16,P005,0
2026-10-16,P006,0
2026-10-16,P007,1
2026-10-16,P008,0
2026-10-16,P009,0
2026-10-16,P010,0
2026-10-16,P011,0
2026-10-16,P012,0
2026-10-16,P013,0
2026-10-16,P014,0
2026-10-16,P015,0
2026-10-17,P001,0
2026-10-17,P002,0
2026-10-17,P003,0
2026-10-17,P004,0
2026-10-17,P005,0
2026-10-17,P006,0
2026-10-17,P007,1
2026-10-17,P008,0
2026-10-17,P009,0
2026-10-17,P010,0
2026-10-17,P011,0
2026-10-17,P012,0
2026-10-17,P013,0
2026-10-17,P014,0
2026-10-17,P015,0
2026-10-18,P001,0
2026-10-18,P002,0
2026-10-18,P003,0
2026-10-18,P004,0
2026-10-18,P005,0
2026-10-18,P006,0
2026-10-18,P007,1
2026-10-18,P008,0
2026-10-18,P009,0
2026-10-18,P010,0
2026-10-18,P011,0
2026-10-18,P012,0
2026-10-18,P013,0
2026-10-18,P014,0
2026-10-18,P015,0
2026-10-19,P001,0
2026-10-19,P002,0
2026-10-19,P003,0
2026-10-19,P004,0
2026-10-19,P005,0
2026-10-19,P006,0
2026-10-19,P007,0
2026-10-19,P008,0
2026-10-19,P009,0
2026-10-19,P010,0
2026-10-19,P011,0
2026-10-19,P012,0
2026-10-19,P013,0
2026-10-19,P014,0
2026-10-19,P015,0
2026-10-20,P001,0
2026-10-20,P002,0
2026-10-20,P003,0
2026-10-20,P004,0
2026-10-20,P005,0
2026-10-20,P006,0
2026-10-20,P007,0
2026-10-20,P008,0
2026-10-20,P009,0
2026-10-20,P010,0
2026-10-20,P011,0
2026-10-20,P012,0
2026-10-20,P013,0
2026-10-20,P014,0
2026-10-20,P015,0
2026-10-21,P001,0
2026-10-21,P002,0
2026-10-21,P003,0
2026-10-21,P004,0
2026-10-21,P005,0
2026-10-21,P006,0
2026-10-21,P007,0
2026-10-21,P008,0
2026-10-21,P009,0
2026-10-21,P010,0
2026-10-21,P011,0
2026-10-21,P012,0
2026-10-21,P013,0
2026-10-21,P014,0
2026-10-21,P015,0
2026-10-22,P001,0
2026-10-22,P002,0
2026-10-22,P003,0
2026-10-22,P004,0
2026-10-22,P005,0
2026-10-22,P006,0
2026-10-22,P007,0
2026-10-22,P008,0
2026-10-22,P009,0
2026-10-22,P010,0
2026-10-22,P011,0
2026-10-22,P012,0
2026-10-22,P013,0
2026-10-22,P014,0
2026-10-22,P015,0
2026-10-23,P001,0
2026-10-23,P002,0
2026-10-23,P003,0
2026-10-23,P004,0
2026-10-23,P005,0
2026-10-23,P006,0
2026-10-23,P007,0
2026-10-23,P008,0
2026-10-23,P009,0
2026-10-23,P010,0
2026-10-23,P011,0
2026-10-23,P012,0
2026-10-23,P013,0
2026-10-23,P014,0
2026-10-23,P015,0
2026-10-24,P001,0
2026-10-24,P002,0
2026-10-24,P003,0
2026-10-24,P004,0
2026-10-24,P005,0
2026-10-24,P006,0
2026-10-24,P007,0
2026-10-24,P008,0
2026-10-24,P009,0
2026-10-24,P010,0
2026-10-24,P011,0
2026-10-24,P012,0
2026-10-24,P013,0
2026-10-24,P014,0
2026-10-24,P015,0
2026-10-25,P001,0
2026-10-25,P002,0
2026-10-25,P003,0
2026-10-25,P004,0
2026-10-25,P005,0
2026-10-25,P006,0
2026-10-25,P007,0
2026-10-25,P008,0
2026-10-25,P009,0
2026-10-25,P010,0
2026-10-25,P011,0
2026-10-25,P012,0
2026-10-25,P013,0
2026-10-25,P014,0
2026-10-25,P015,0
2026-10-26,P001,0
2026-10-26,P002,0
2026-10-26,P003,0
2026-10-26,P004,0
2026-10-26,P005,0
2026-10-26,P006,0
2026-10-26,P007,0
2026-10-26,P008,0
2026-10-26,P009,0
2026-10-26,P010,0
2026-10-26,P011,0
2026-10-26,P012,0
2026-10-26,P013,0
2026-10-26,P014,0
2026-10-26,P015,0
2026-10-27,P001,0
2026-10-27,P002,0
2026-10-27,P003,0
2026-10-27,P004,0
2026-10-27,P005,0
2026-10-27,P006,0
2026-10-27,P007,0
2026-10-27,P008,0
2026-10-27,P009,0
2026-10-27,P010,0
2026-10-27,P011,0
2026-10-27,P012,0
2026-10-27,P013,0
2026-10-27,P014,0
2026-10-27,P015,0
2026-10-28,P001,0
2026-10-28,P002,0
2026-10-28,P003,0
2026-10-28,P004,0
2026-10-28,P005,0
2026-10-28,P006,0
2026-10-28,P007,0
2026-10-28,P008,0
2026-10-28,P009,0
2026-10-28,P010,0
2026-10-28,P011,0
2026-10-28,P012,0
2026-10-28,P013,0
2026-10-28,P014,0
2026-10-28,P015,0
2026-10-29,P001,0
2026-10-29,P002,0
2026-10-29,P003,0
2026-10-29,P004,0
2026-10-29,P005,0
2026-10-29,P006,0
2026-10-29,P007,0
2026-10-29,P008,0
2026-10-29,P009,0
2026-10-29,P010,0
2026-10-29,P011,0
2026-10-29,P012,0
2026-10-29,P013,0
2026-10-29,P014,0
2026-10-29,P015,0
2026-10-30,P001,0
2026-10-30,P002,0
2026-10-30,P003,0
2026-10-30,P004,0
2026-10-30,P005,0
2026-10-30,P006,0
2026-10-30,P007,0
2026-10-30,P008,0
2026-10-30,P009,0
2026-10-30,P010,0
2026-10-30,P011,0
2026-10-30,P012,0
2026-10-30,P013,0
2026-10-30,P014,0
2026-10-30,P015,0
2026-10-31,P001,0
2026-10-31,P002,0
2026-10-31,P003,0
2026-10-31,P004,0
2026-10-31,P005,0
2026-10-31,P006,0
2026-10-31,P007,0
2026-10-31,P008,0
2026-10-31,P009,0
2026-10-31,P010,0
2026-10-31,P011,0
2026-10-31,P012,0
2026-10-31,P013,0
2026-10-31,P014,0
2026-10-31,P015,0
2026-11-01,P001,0
2026-11-01,P002,0
2026-11-01,P003,0
2026-11-01,P004,0
2026-11-01,P005,0
2026-11-01,P006,0
2026-11-01,P007,0
2026-11-01,P008,0
2026-11-01,P009,1
2026-11-01,P010,0
2026-11-01,P011,0
2026-11-01,P012,0
2026-11-01,P013,0
2026-11-01,P014,0
2026-11-01,P015,0
2026-11-02,P001,0
2026-11-02,P002,0
2026-11-02,P003,0
2026-11-02,P004,0
2026-11-02,P005,0
2026-11-02,P006,0
2026-11-02,P007,0
2026-11-02,P008,0
2026-11-02,P009,1
2026-11-02,P010,0
2026-11-02,P011,0
2026-11-02,P012,0
2026-11-02,P013,0
2026-11-02,P014,0
2026-11-02,P015,0
2026-11-03,P001,0
2026-11-03,P002,0
2026-11-03,P003,0
2026-11-03,P004,0
2026-11-03,P005,0
2026-11-03,P006,0
2026-11-03,P007,0
2026-11-03,P008,0
2026-11-03,P009,1
2026-11-03,P010,0
2026-11-03,P011,0
2026-11-03,P012,0
2026-11-03,P013,0
2026-11-03,P014,0
2026-11-03,P015,0
2026-11-04,P001,0
2026-11-04,P002,0
2026-11-04,P003,0
2026-11-04,P004,0
2026-11-04,P005,0
2026-11-04,P006,0
2026-11-04,P007,0
2026-11-04,P008,0
2026-11-04,P009,1
2026-11-04,P010,0
2026-11-04,P011,0
2026-11-04,P012,0
2026-11-04,P013,0
2026-11-04,P014,0
2026-11-04,P015,0
2026-11-05,P001,0
2026-11-05,P002,0
2026-11-05,P003,0
2026-11-05,P004,0
2026-11-05,P005,0
2026-11-05,P006,0
2026-11-05,P007,0
2026-11-05,P008,0
2026-11-05,P009,1
2026-11-05,P010,0
2026-11-05,P011,0
2026-11-05,P012,0
2026-11-05,P013,0
2026-11-05,P014,0
2026-11-05,P015,0
2026-11-06,P001,0
2026-11-06,P002,0
2026-11-06,P003,0
2026-11-06,P004,0
2026-11-06,P005,0
2026-11-06,P006,0
2026-11-06,P007,0
2026-11-06,P008,0
2026-11-06,P009,0
2026-11-06,P010,0
2026-11-06,P011,0
2026-11-06,P012,0
2026-11-06,P013,0
2026-11-06,P014,0
2026-11-06,P015,0
2026-11-07,P001,0
2026-11-07,P002,0
2026-11-07,P003,0
2026-11-07,P004,0
2026-11-07,P005,0
2026-11-07,P006,0
2026-11-07,P007,0
2026-11-07,P008,0
2026-11-07,P009,0
2026-11-07,P010,0
2026-11-07,P011,0
2026-11-07,P012,0
2026-11-07,P013,0
2026-11-07,P014,0
2026-11-07,P015,0
2026-11-08,P001,0
2026-11-08,P002,0
2026-11-08,P003,0
2026-11-08,P004,0
2026-11-08,P005,0
2026-11-08,P006,0
2026-11-08,P007,0
2026-11-08,P008,0
2026-11-08,P009,0
2026-11-08,P010,0
2026-11-08,P011,0
2026-11-08,P012,0
2026-11-08,P013,0
2026-11-08,P014,0
2026-11-08,P015,0
2026-11-09,P001,0
2026-11-09,P002,0
2026-11-09,P003,0
2026-11-09,P004,0
2026-11-09,P005,0
2026-11-09,P006,0
2026-11-09,P007,0
2026-11-09,P008,0
2026-11-09,P009,0
2026-11-09,P010,0
2026-11-09,P011,0
2026-11-09,P012,0
2026-11-09,P013,0
2026-11-09,P014,0
2026-11-09,P015,0
2026-11-10,P001,0
2026-11-10,P002,0
2026-11-10,P003,0
2026-11-10,P004,0
2026-11-10,P005,0
2026-11-10,P006,0
2026-11-10,P007,0
2026-11-10,P008,0
2026-11-10,P009,0
2026-11-10,P010,0
2026-11-10,P011,0
2026-11-10,P012,0
2026-11-10,P013,0
2026-11-10,P014,0
2026-11-10,P015,0
2026-11-11,P001,0
2026-11-11,P002,0
2026-11-11,P003,0
2026-11-11,P004,0
2026-11-11,P005,0
2026-11-11,P006,0
2026-11-11,P007,0
2026-11-11,P008,0
2026-11-11,P009,0
2026-11-11,P010,0
2026-11-11,P011,0
2026-11-11,P012,0
2026-11-11,P013,0
2026-11-11,P014,0
2026-11-11,P015,0
2026-11-12,P001,0
2026-11-12,P002,0
2026-11-12,P003,0
2026-11-12,P004,0
2026-11-12,P005,0
2026-11-12,P006,0
2026-11-12,P007,0
2026-11-12,P008,0
2026-11-12,P009,0
2026-11-12,P010,0
2026-11-12,P011,0
2026-11-12,P012,0
2026-11-12,P013,0
2026-11-12,P014,0
2026-11-12,P015,0
2026-11-13,P001,0
2026-11-13,P002,0
2026-11-13,P003,0
2026-11-13,P004,0
2026-11-13,P005,0
2026-11-13,P006,0
2026-11-13,P007,0
2026-11-13,P008,0
2026-11-13,P009,0
2026-11-13,P010,0
2026-11-13,P011,0
2026-11-13,P012,0
2026-11-13,P013,0
2026-11-13,P014,0
2026-11-13,P015,0
2026-11-14,P001,0
2026-11-14,P002,0
2026-11-14,P003,0
2026-11-14,P004,0
2026-11-14,P005,0
2026-11-14,P006,0
2026-11-14,P007,0
2026-11-14,P008,0
2026-11-14,P009,0
2026-11-14,P010,0
2026-11-14,P011,0
2026-11-14,P012,0
2026-11-14,P013,0
2026-11-14,P014,0
2026-11-14,P015,0
2026-11-15,P001,0
2026-11-15,P002,0
2026-11-15,P003,0
2026-11-15,P004,0
2026-11-15,P005,0
2026-11-15,P006,0
2026-11-15,P007,0
2026-11-15,P008,0
2026-11-15,P009,0
2026-11-15,P010,0
2026-11-15,P011,0
2026-11-15,P012,0
2026-11-15,P013,0
2026-11-15,P014,0
2026-11-15,P015,0
2026-11-16,P001,0
2026-11-16,P002,0
2026-11-16,P003,0
2026-11-16,P004,0
2026-11-16,P005,0
2026-11-16,P006,0
2026-11-16,P007,0
2026-11-16,P008,0
2026-11-16,P009,0
2026-11-16,P010,0
2026-11-16,P011,0
2026-11-16,P012,0
2026-11-16,P013,0
2026-11-16,P014,0
2026-11-16,P015,0
2026-11-17,P001,0
2026-11-17,P002,0
2026-11-17,P003,0
2026-11-17,P004,0
2026-11-17,P005,0
2026-11-17,P006,0
2026-11-17,P007,0
2026-11-17,P008,0
2026-11-17,P009,0
2026-11-17,P010,0
2026-11-17,P011,0
2026-11-17,P012,0
2026-11-17,P013,0
2026-11-17,P014,0
2026-11-17,P015,0
2026-11-18,P001,0
2026-11-18,P002,0
2026-11-18,P003,0
2026-11-18,P004,0
2026-11-18,P005,0
2026-11-18,P006,0
2026-11-18,P007,0
2026-11-18,P008,0
2026-11-18,P009,0
2026-11-18,P010,0
2026-11-18,P011,0
2026-11-18,P012,0
2026-11-18,P013,0
2026-11-18,P014,0
2026-11-18,P015,0
2026-11-19,P001,0
2026-11-19,P002,0
2026-11-19,P003,0
2026-11-19,P004,0
2026-11-19,P005,0
2026-11-19,P006,0
2026-11-19,P007,0
2026-11-19,P008,0
2026-11-19,P009,0
2026-11-19,P010,0
2026-11-19,P011,0
2026-11-19,P012,0
2026-11-19,P013,0
2026-11-19,P014,0
2026-11-19,P015,0
2026-11-20,P001,0
2026-11-20,P002,0
2026-11-20,P003,0
2026-11-20,P004,0
2026-11-20,P005,0
2026-11-20,P006,0
2026-11-20,P007,0
2026-11-20,P008,0
2026-11-20,P009,0
2026-11-20,P010,0
2026-11-20,P011,0
2026-11-20,P012,0
2026-11-20,P013,0
2026-11-20,P014,0
2026-11-20,P015,0
