product_id,mae_model,wape_model,mae_baseline,wape_baseline,improvement_pct
P001,9.91,6.75,26.25,17.88,62.23
P002,9.05,8.31,19.95,18.34,54.66
P003,7.37,15.94,8.9,19.25,17.2
P004,6.98,10.71,11.52,17.68,39.42
P005,6.38,9.98,8.14,12.74,21.67
P006,5.21,14.56,6.17,17.22,15.47
P007,9.23,13.42,16.79,24.4,45.02
P008,14.79,11.07,49.94,37.39,70.39
P009,9.97,9.04,16.35,14.83,39.02
P010,5.24,15.09,6.03,17.37,13.12
P011,3.58,16.26,4.64,21.05,22.76
P012,14.44,14.44,19.95,19.95,27.62
P013,3.99,14.3,7.8,27.91,48.78
P014,8.28,30.88,6.75,25.17,-22.7
P015,9.66,10.13,26.1,27.37,62.97
